Jiwum59Wj,玲珑阁幽幽,6033485421,权威发布|截至8月30日24时福建省新型冠状病毒肺炎疫情情况O权威发布|截至8月30日24时福建省新型冠状病毒肺炎疫情情况​,2020-09-01 00:52,0,0,0,https://weibo.com/6033485421/Jiwum59Wj?refer_flag=1001030103_
JiwnpjQV0,杏子的小白,1669729611,权威发布|截至8月29日24时福建省新型冠状病毒肺炎疫情情况O权威发布|截至8月29日24时福建省新型冠状病毒肺炎疫情情况​,2020-09-01 00:35,0,0,1,https://weibo.com/1669729611/JiwnpjQV0?refer_flag=1001030103_
Jiwbvt9y2,杰锦滔輝,3155559762,截至8月20日24时新型冠状病毒肺炎疫情最新情况O截至8月20日24时新型冠状病毒肺炎疫情最新情况​,2020-09-01 00:06,0,0,0,https://weibo.com/3155559762/Jiwbvt9y2?refer_flag=1001030103_
Jiy5zlCGb,沫丶沫Makiyo,2998146630,#双黄连可抑制新型冠状病毒#黑人问号脸2无锡​,2020-09-01 04:57,0,0,0,https://weibo.com/2998146630/Jiy5zlCGb?refer_flag=1001030103_
JixYqaK8O,抑昂瓶汹_ybzthh,7494109159,新冠疫情之下，的收藏级口罩成为颁奖典礼上的最大赢家新型冠状病毒口罩新冠肺炎口罩成最大赢家音乐口罩娱乐​,2020-09-01 04:39,0,0,0,https://weibo.com/7494109159/JixYqaK8O?refer_flag=1001030103_
JixKMcdxJ,路或打酱油,3015967545,权威发布|截至8月30日24时福建省新型冠状病毒肺炎疫情情况O权威发布|截至8月30日24时福建省新型冠状病毒肺炎疫情情况​,2020-09-01 04:05,0,0,0,https://weibo.com/3015967545/JixKMcdxJ?refer_flag=1001030103_
Jiyuht8Tl,用户7498507014,7498507014,实时更新|新型冠状病毒肺炎全国疫情地图O实时更新|新冠肺炎疫情地图​,2020-09-01 05:57,0,0,0,https://weibo.com/7498507014/Jiyuht8Tl?refer_flag=1001030103_
Jiys7BBZg,风候1,1145526835,权威发布|截至8月30日24时福建省新型冠状病毒肺炎疫情情况O权威发布|截至8月30日24时福建省新型冠状病毒肺炎疫情情况​,2020-09-01 05:52,0,0,0,https://weibo.com/1145526835/Jiys7BBZg?refer_flag=1001030103_
Jiys5BVKT,风候1,1145526835,权威发布|截至8月30日24时福建省新型冠状病毒肺炎疫情情况O权威发布|截至8月30日24时福建省新型冠状病毒肺炎疫情情况​,2020-09-01 05:52,0,0,0,https://weibo.com/1145526835/Jiys5BVKT?refer_flag=1001030103_
JiyfhjZZB,明月0225,6551317801,吉林省卫生健康委关于新型冠状病毒肺炎疫情情况通报（2020年8月31日公布）O吉林省卫生健康委关于新型冠状病毒肺炎疫情情况通报（2020年8月31日公布）​,2020-09-01 05:20,0,0,0,https://weibo.com/6551317801/JiyfhjZZB?refer_flag=1001030103_
JiySG6JOk,用户6998245073,6998245073,【防控新型冠状病毒】开学将至，这些准备都做好了吗？O【防控新型冠状病毒】开学将至，这些准备都做好了吗？​,2020-09-01 06:58,0,0,0,https://weibo.com/6998245073/JiySG6JOk?refer_flag=1001030103_
JiySy82wa,用户6375772526,6375772526,【防控新型冠状病毒】开学将至，这些准备都做好了吗？O【防控新型冠状病毒】开学将至，这些准备都做好了吗？​,2020-09-01 06:57,0,0,0,https://weibo.com/6375772526/JiySy82wa?refer_flag=1001030103_
JiyQBCBAd,逍遥人生人生逍遥,1404022807,权威发布|截至8月30日24时福建省新型冠状病毒肺炎疫情情况O权威发布|截至8月30日24时福建省新型冠状病毒肺炎疫情情况​,2020-09-01 06:52,0,0,0,https://weibo.com/1404022807/JiyQBCBAd?refer_flag=1001030103_
JiyPImbNQ,喵俩个咪,1951250835,【防控新型冠状病毒】开学将至，这些准备都做好了吗？O【防控新型冠状病毒】开学将至，这些准备都做好了吗？​,2020-09-01 06:50,0,0,0,https://weibo.com/1951250835/JiyPImbNQ?refer_flag=1001030103_
JiyPBgIKZ,在穗农民公,2036576751,【防控新型冠状病毒】开学将至，这些准备都做好了吗？O【防控新型冠状病毒】开学将至，这些准备都做好了吗？​,2020-09-01 06:50,0,0,0,https://weibo.com/2036576751/JiyPBgIKZ?refer_flag=1001030103_
JiyPAnuuj,墨人028,3442540752,解惑新型冠状病毒的前世今生！带你辨认庞大的微生物家族O网页链接​,2020-09-01 06:50,0,0,0,https://weibo.com/3442540752/JiyPAnuuj?refer_flag=1001030103_
JiyPin62j,一休哥0951,1188047757,【防控新型冠状病毒】开学将至，这些准备都做好了吗？O【防控新型冠状病毒】开学将至，这些准备都做好了吗？​,2020-09-01 06:49,0,0,0,https://weibo.com/1188047757/JiyPin62j?refer_flag=1001030103_
JiyMTrofn,陌_小思,2112690932,【防控新型冠状病毒】开学将至，这些准备都做好了吗？O【防控新型冠状病毒】开学将至，这些准备都做好了吗？​,2020-09-01 06:43,0,0,0,https://weibo.com/2112690932/JiyMTrofn?refer_flag=1001030103_
JiyMSuQhA,陌_小思,2112690932,【防控新型冠状病毒】开学将至，这些准备都做好了吗？O【防控新型冠状病毒】开学将至，这些准备都做好了吗？​,2020-09-01 06:43,0,0,0,https://weibo.com/2112690932/JiyMSuQhA?refer_flag=1001030103_
JiyLWkqiN,有容彦圣,2273359001,【防控新型冠状病毒】开学将至，这些准备都做好了吗？O【防控新型冠状病毒】开学将至，这些准备都做好了吗？​,2020-09-01 06:41,0,0,0,https://weibo.com/2273359001/JiyLWkqiN?refer_flag=1001030103_
JiyLxwaDW,用户6313071439,6313071439,【防控新型冠状病毒】开学将至，这些准备都做好了吗？O【防控新型冠状病毒】开学将至，这些准备都做好了吗？​,2020-09-01 06:40,0,0,0,https://weibo.com/6313071439/JiyLxwaDW?refer_flag=1001030103_
JiyL6k23D,zjcn1976,1134373782,【防控新型冠状病毒】开学将至，这些准备都做好了吗？O【防控新型冠状病毒】开学将至，这些准备都做好了吗？​,2020-09-01 06:39,0,0,0,https://weibo.com/1134373782/JiyL6k23D?refer_flag=1001030103_
JiyJC46ow,三叶虫KIKI,1591302900,吉林省卫生健康委关于新型冠状病毒肺炎疫情情况通报（2020年8月31日公布）O吉林省卫生健康委关于新型冠状病毒肺炎疫情情况通报（2020年8月31日公布）​,2020-09-01 06:35,0,0,0,https://weibo.com/1591302900/JiyJC46ow?refer_flag=1001030103_
JiyI7i2hQ,遇贝更好的自己,2286990387,吉林省卫生健康委关于新型冠状病毒肺炎疫情情况通报（2020年8月31日公布）O吉林省卫生健康委关于新型冠状病毒肺炎疫情情况通报（2020年8月31日公布）​,2020-09-01 06:32,0,0,0,https://weibo.com/2286990387/JiyI7i2hQ?refer_flag=1001030103_
JiyI5cS3I,遇贝更好的自己,2286990387,吉林省卫生健康委关于新型冠状病毒肺炎疫情情况通报（2020年8月31日公布）O吉林省卫生健康委关于新型冠状病毒肺炎疫情情况通报（2020年8月31日公布）​,2020-09-01 06:31,0,0,0,https://weibo.com/2286990387/JiyI5cS3I?refer_flag=1001030103_
JiyFftdnw,刘增品,7277087069,【防控新型冠状病毒】开学将至，这些准备都做好了吗？O【防控新型冠状病毒】开学将至，这些准备都做好了吗？​,2020-09-01 06:24,0,0,0,https://weibo.com/7277087069/JiyFftdnw?refer_flag=1001030103_
JiyE8gauE,步有丶,6795947672,权威发布|截至8月30日24时福建省新型冠状病毒肺炎疫情情况O权威发布|截至8月30日24时福建省新型冠状病毒肺炎疫情情况​,2020-09-01 06:22,0,0,0,https://weibo.com/6795947672/JiyE8gauE?refer_flag=1001030103_
JiyDRsOAT,Dploy花生酱,7275965980,吉林省卫生健康委关于新型冠状病毒肺炎疫情情况通报（2020年8月31日公布）O吉林省卫生健康委关于新型冠状病毒肺炎疫情情况通报（2020年8月31日公布）​,2020-09-01 06:21,0,0,0,https://weibo.com/7275965980/JiyDRsOAT?refer_flag=1001030103_
JiyD5AzHQ,逗你玩3220459602,3220459602,吉林省卫生健康委关于新型冠状病毒肺炎疫情情况通报（2020年8月31日公布）O吉林省卫生健康委关于新型冠状病毒肺炎疫情情况通报（2020年8月31日公布）​,2020-09-01 06:19,0,0,0,https://weibo.com/3220459602/JiyD5AzHQ?refer_flag=1001030103_
JizfPnm7R,静-暮,1880886350,【防控新型冠状病毒】开学将至，这些准备都做好了吗？O【防控新型冠状病毒】开学将至，这些准备都做好了吗？​,2020-09-01 07:55,0,0,0,https://weibo.com/1880886350/JizfPnm7R?refer_flag=1001030103_
JizfCERuO,yded,1006576322,【防控新型冠状病毒】开学将至，这些准备都做好了吗？O【防控新型冠状病毒】开学将至，这些准备都做好了吗？​,2020-09-01 07:54,0,0,0,https://weibo.com/1006576322/JizfCERuO?refer_flag=1001030103_
JizfAAO0k,新梅style,1157976145,【防控新型冠状病毒】开学将至，这些准备都做好了吗？O【防控新型冠状病毒】开学将至，这些准备都做好了吗？​,2020-09-01 07:54,0,0,0,https://weibo.com/1157976145/JizfAAO0k?refer_flag=1001030103_
JizdJ3Gf6,沉魔夕夕,3177919893,权威发布|截至8月30日24时福建省新型冠状病毒肺炎疫情情况O权威发布|截至8月30日24时福建省新型冠状病毒肺炎疫情情况​,2020-09-01 07:49,0,0,0,https://weibo.com/3177919893/JizdJ3Gf6?refer_flag=1001030103_
JizdHvvSn,用户6551241392,6551241392,#带着微博去旅行##双黄连可抑制新型冠状病毒#2北京·阳光水岸​,2020-09-01 07:49,0,0,0,https://weibo.com/6551241392/JizdHvvSn?refer_flag=1001030103_
JizFt2OfP,用户6213120184,6213120184,【防控新型冠状病毒】开学将至，这些准备都做好了吗？O【防控新型冠状病毒】开学将至，这些准备都做好了吗？​,2020-09-01 08:58,0,0,0,https://weibo.com/6213120184/JizFt2OfP?refer_flag=1001030103_
JiA3t9KFE,coastline2000,2268323512,【防控新型冠状病毒】开学将至，这些准备都做好了吗？O【防控新型冠状病毒】开学将至，这些准备都做好了吗？​,2020-09-01 09:57,0,0,0,https://weibo.com/2268323512/JiA3t9KFE?refer_flag=1001030103_
JiA0IkSda,周芸锋0818420,7066732494,【防控新型冠状病毒】开学将至，这些准备都做好了吗？O【防控新型冠状病毒】开学将至，这些准备都做好了吗？​,2020-09-01 09:50,0,0,0,https://weibo.com/7066732494/JiA0IkSda?refer_flag=1001030103_
JiA0DFtq4,清清-mi,1974971671,【防控新型冠状病毒】开学将至，这些准备都做好了吗？O【防控新型冠状病毒】开学将至，这些准备都做好了吗？​,2020-09-01 09:50,0,0,0,https://weibo.com/1974971671/JiA0DFtq4?refer_flag=1001030103_
JiAsmcdxi,黄志201607,7392090152,我在看：【截至8月31日24时新型冠状病毒肺炎疫情最新情况】#跟新浪看热点#O截至8月31日24时新型冠状病毒肺炎疫情最新情况​,2020-09-01 10:58,0,0,0,https://weibo.com/7392090152/JiAsmcdxi?refer_flag=1001030103_
JiArVAoaB,啦啦啦7471574472,7471574472,【防控新型冠状病毒】开学将至，这些准备都做好了吗？O【防控新型冠状病毒】开学将至，这些准备都做好了吗？​,2020-09-01 10:57,0,0,0,https://weibo.com/7471574472/JiArVAoaB?refer_flag=1001030103_
JiAqUnsjW,卢新37979,6994146754,权威发布|截至8月30日24时福建省新型冠状病毒肺炎疫情情况O权威发布|截至8月30日24时福建省新型冠状病毒肺炎疫情情况​,2020-09-01 10:55,0,0,0,https://weibo.com/6994146754/JiAqUnsjW?refer_flag=1001030103_
JiAqR8xgq,蘇Ga,1931916311,【防控新型冠状病毒】开学将至，这些准备都做好了吗？O【防控新型冠状病毒】开学将至，这些准备都做好了吗？​,2020-09-01 10:55,0,0,0,https://weibo.com/1931916311/JiAqR8xgq?refer_flag=1001030103_
JiAnMjAor,用户629726297230983,6297230983,【防控新型冠状病毒】开学将至，这些准备都做好了吗？O【防控新型冠状病毒】开学将至，这些准备都做好了吗？​,2020-09-01 10:47,0,0,0,https://weibo.com/6297230983/JiAnMjAor?refer_flag=1001030103_
JiAnylRrN,御姐艾诗,6441981419,【防控新型冠状病毒】开学将至，这些准备都做好了吗？O【防控新型冠状病毒】开学将至，这些准备都做好了吗？​,2020-09-01 10:46,0,0,0,https://weibo.com/6441981419/JiAnylRrN?refer_flag=1001030103_
JiAmRzp7b,xiongqi1962,1345906621,实时更新|新型冠状病毒肺炎全国疫情地图O实时更新|新冠肺炎疫情地图​,2020-09-01 10:45,0,0,0,https://weibo.com/1345906621/JiAmRzp7b?refer_flag=1001030103_
JiBc6laEY,hby萌萌哒,6973085310,权威发布|截至8月30日24时福建省新型冠状病毒肺炎疫情情况O权威发布|截至8月30日24时福建省新型冠状病毒肺炎疫情情况​,2020-09-01 12:51,0,0,0,https://weibo.com/6973085310/JiBc6laEY?refer_flag=1001030103_
JiBbglUwT,用户7475283145,7475283145,【防控新型冠状病毒】开学将至，这些准备都做好了吗？O【防控新型冠状病毒】开学将至，这些准备都做好了吗？​,2020-09-01 12:49,0,0,0,https://weibo.com/7475283145/JiBbglUwT?refer_flag=1001030103_
JiB6CgKyF,用户7469681027,7469681027,【防控新型冠状病毒】开学将至，这些准备都做好了吗？O【防控新型冠状病毒】开学将至，这些准备都做好了吗？​,2020-09-01 12:37,0,0,0,https://weibo.com/7469681027/JiB6CgKyF?refer_flag=1001030103_
JiB67xR6j,海飞雪的生活,1814661357,【防控新型冠状病毒】开学将至，这些准备都做好了吗？O【防控新型冠状病毒】开学将至，这些准备都做好了吗？​,2020-09-01 12:36,0,0,0,https://weibo.com/1814661357/JiB67xR6j?refer_flag=1001030103_
JiB4rtMyG,用户7312277456,7312277456,【防控新型冠状病毒】开学将至，这些准备都做好了吗？O【防控新型冠状病毒】开学将至，这些准备都做好了吗？​,2020-09-01 12:32,0,0,0,https://weibo.com/7312277456/JiB4rtMyG?refer_flag=1001030103_
JiB2fCzq8,偏爱0_o,5419891913,【防控新型冠状病毒】开学将至，这些准备都做好了吗？O【防控新型冠状病毒】开学将至，这些准备都做好了吗？​,2020-09-01 12:27,0,0,0,https://weibo.com/5419891913/JiB2fCzq8?refer_flag=1001030103_
JiAWKxcry,手机用户2674279737,2674279737,【防控新型冠状病毒】开学将至，这些准备都做好了吗？O【防控新型冠状病毒】开学将至，这些准备都做好了吗？​,2020-09-01 12:13,0,0,0,https://weibo.com/2674279737/JiAWKxcry?refer_flag=1001030103_
JiAW0syvS,Planer_SOSO,6454449601,权威发布|截至8月30日24时福建省新型冠状病毒肺炎疫情情况O权威发布|截至8月30日24时福建省新型冠状病毒肺炎疫情情况​,2020-09-01 12:11,0,0,0,https://weibo.com/6454449601/JiAW0syvS?refer_flag=1001030103_
JiBxB4M2L,郑千山_千山之上,1315047737,发表了博文《截至8月31日24时新型冠状病毒肺炎疫情最新情况》发布时间：2020-09-01来源:卫生应急办公室截至8月31日24时新型冠状病毒肺炎疫情最新情况8月31日0—24时，31个省（自治区、O截至8月31日24时新型冠状病毒肺炎疫情最新情况​,2020-09-01 13:44,0,0,0,https://weibo.com/1315047737/JiBxB4M2L?refer_flag=1001030103_
JiBqptz7M,沸腾De小火锅,1924416061,『实时更新|新型冠状病毒肺炎全国疫情地图』O实时更新|新冠肺炎疫情地图​,2020-09-01 13:26,0,0,0,https://weibo.com/1924416061/JiBqptz7M?refer_flag=1001030103_
JiBoFkEHe,Mo爱莲说,2092657545,【防控新型冠状病毒】开学将至，这些准备都做好了吗？O【防控新型冠状病毒】开学将至，这些准备都做好了吗？​,2020-09-01 13:22,0,0,0,https://weibo.com/2092657545/JiBoFkEHe?refer_flag=1001030103_
JiBlzuLE8,用户7345567362,7345567362,吉林省卫生健康委关于新型冠状病毒肺炎疫情情况通报（2020年8月31日公布）O吉林省卫生健康委关于新型冠状病毒肺炎疫情情况通报（2020年8月31日公布）​,2020-09-01 13:14,0,0,0,https://weibo.com/7345567362/JiBlzuLE8?refer_flag=1001030103_
JiBkXEdWe,俗不可秒摘,2144692087,【防控新型冠状病毒】开学将至，这些准备都做好了吗？O【防控新型冠状病毒】开学将至，这些准备都做好了吗？​,2020-09-01 13:13,0,0,0,https://weibo.com/2144692087/JiBkXEdWe?refer_flag=1001030103_
JiBhSbJHt,PASS微博,1842053545,【防控新型冠状病毒】开学将至，这些准备都做好了吗？O【防控新型冠状病毒】开学将至，这些准备都做好了吗？​,2020-09-01 13:05,0,0,0,https://weibo.com/1842053545/JiBhSbJHt?refer_flag=1001030103_
JiBgNnCWb,用户5356409532,5356409532,【防控新型冠状病毒】开学将至，这些准备都做好了吗？O【防控新型冠状病毒】开学将至，这些准备都做好了吗？​,2020-09-01 13:02,0,0,0,https://weibo.com/5356409532/JiBgNnCWb?refer_flag=1001030103_
JiC08pFZb,温柔的xueya6001,6421122012,【防控新型冠状病毒】开学将至，这些准备都做好了吗？O【防控新型冠状病毒】开学将至，这些准备都做好了吗？​,2020-09-01 14:54,0,0,0,https://weibo.com/6421122012/JiC08pFZb?refer_flag=1001030103_
JiBUkgMgd,-Z-L-M,2991782807,【防控新型冠状病毒】开学将至，这些准备都做好了吗？O【防控新型冠状病毒】开学将至，这些准备都做好了吗？​,2020-09-01 14:40,0,0,0,https://weibo.com/2991782807/JiBUkgMgd?refer_flag=1001030103_
JiBGCnk41,流浪路上拾起的贝壳,1861934532,【防控新型冠状病毒】开学将至，这些准备都做好了吗？O【防控新型冠状病毒】开学将至，这些准备都做好了吗？​,2020-09-01 14:06,0,0,0,https://weibo.com/1861934532/JiBGCnk41?refer_flag=1001030103_
JiBGocpnQ,流浪路上拾起的贝壳,1861934532,【防控新型冠状病毒】开学将至，这些准备都做好了吗？O【防控新型冠状病毒】开学将至，这些准备都做好了吗？​,2020-09-01 14:06,0,0,0,https://weibo.com/1861934532/JiBGocpnQ?refer_flag=1001030103_
JiBFhkeDj,李伟麟li,6515421601,【防控新型冠状病毒】开学将至，这些准备都做好了吗？O【防控新型冠状病毒】开学将至，这些准备都做好了吗？​,2020-09-01 14:03,0,0,0,https://weibo.com/6515421601/JiBFhkeDj?refer_flag=1001030103_
JiCpLA4X1,LaoNew2268,2235051535,【防控新型冠状病毒】开学将至，这些准备都做好了吗？O【防控新型冠状病毒】开学将至，这些准备都做好了吗？​,2020-09-01 15:57,0,0,0,https://weibo.com/2235051535/JiCpLA4X1?refer_flag=1001030103_
JiCmNsqYo,用户7017640476,7017640476,【防控新型冠状病毒】开学将至，这些准备都做好了吗？O【防控新型冠状病毒】开学将至，这些准备都做好了吗？​,2020-09-01 15:50,0,0,0,https://weibo.com/7017640476/JiCmNsqYo?refer_flag=1001030103_
JiCfWBJTK,红星广播站,1162207171,【防控新型冠状病毒】开学将至，这些准备都做好了吗？O【防控新型冠状病毒】开学将至，这些准备都做好了吗？​,2020-09-01 15:33,0,0,0,https://weibo.com/1162207171/JiCfWBJTK?refer_flag=1001030103_
JiDcyexko,阳光的翘妈,2035752637,【防控新型冠状病毒】开学将至，这些准备都做好了吗？O【防控新型冠状病毒】开学将至，这些准备都做好了吗？​,2020-09-01 17:57,0,0,0,https://weibo.com/2035752637/JiDcyexko?refer_flag=1001030103_
JiD44jgu6,请叫我小房子LY,6074678628,#双黄连可抑制新型冠状病毒#黑人问号脸，，，2长沙·太平街​,2020-09-01 17:37,0,0,0,https://weibo.com/6074678628/JiD44jgu6?refer_flag=1001030103_
JiD0z3LBB,快乐的小马宝妈,2054466993,权威发布|截至8月30日24时福建省新型冠状病毒肺炎疫情情况O权威发布|截至8月30日24时福建省新型冠状病毒肺炎疫情情况​,2020-09-01 17:28,0,0,0,https://weibo.com/2054466993/JiD0z3LBB?refer_flag=1001030103_
JiCYoF09Z,666归零归零,5685766321,【防控新型冠状病毒】开学将至，这些准备都做好了吗？O【防控新型冠状病毒】开学将至，这些准备都做好了吗？​,2020-09-01 17:23,0,0,0,https://weibo.com/5685766321/JiCYoF09Z?refer_flag=1001030103_
JiCXPcxY9,inwenbo,7333051685,权威发布|截至8月30日24时福建省新型冠状病毒肺炎疫情情况O权威发布|截至8月30日24时福建省新型冠状病毒肺炎疫情情况​,2020-09-01 17:21,0,0,0,https://weibo.com/7333051685/JiCXPcxY9?refer_flag=1001030103_
JiDAdFmmk,范郦瑜40941,5654682670,【防控新型冠状病毒】开学将至，这些准备都做好了吗？O【防控新型冠状病毒】开学将至，这些准备都做好了吗？​,2020-09-01 18:56,0,0,0,https://weibo.com/5654682670/JiDAdFmmk?refer_flag=1001030103_
JiDA11vlb,monkey_falle,5200484319,权威发布|截至8月30日24时福建省新型冠状病毒肺炎疫情情况O权威发布|截至8月30日24时福建省新型冠状病毒肺炎疫情情况​,2020-09-01 18:55,0,0,0,https://weibo.com/5200484319/JiDA11vlb?refer_flag=1001030103_
JiDybrFrg,啧啧啧_7788,5630104447,【防控新型冠状病毒】开学将至，这些准备都做好了吗？O【防控新型冠状病毒】开学将至，这些准备都做好了吗？​,2020-09-01 18:51,0,0,0,https://weibo.com/5630104447/JiDybrFrg?refer_flag=1001030103_
JiDuEyqHW,Tamia上海,2723513451,【防控新型冠状病毒】开学将至，这些准备都做好了吗？O【防控新型冠状病毒】开学将至，这些准备都做好了吗？​,2020-09-01 18:42,0,0,0,https://weibo.com/2723513451/JiDuEyqHW?refer_flag=1001030103_
JiDptls7o,晖三观,6696153600,权威发布|截至8月30日24时福建省新型冠状病毒肺炎疫情情况O权威发布|截至8月30日24时福建省新型冠状病毒肺炎疫情情况​,2020-09-01 18:29,0,0,0,https://weibo.com/6696153600/JiDptls7o?refer_flag=1001030103_
JiDoq1am0,用户5966410718,5966410718,【防控新型冠状病毒】开学将至，这些准备都做好了吗？O【防控新型冠状病毒】开学将至，这些准备都做好了吗？​,2020-09-01 18:27,0,0,0,https://weibo.com/5966410718/JiDoq1am0?refer_flag=1001030103_
JiDgHjdhZ,TouchoftheLight67381,7473105218,【防控新型冠状病毒】开学将至，这些准备都做好了吗？O【防控新型冠状病毒】开学将至，这些准备都做好了吗？​,2020-09-01 18:08,0,0,0,https://weibo.com/7473105218/JiDgHjdhZ?refer_flag=1001030103_
JiDZf2K5v,甜美的微笑41,5052390128,【防控新型冠状病毒】开学将至，这些准备都做好了吗？O【防控新型冠状病毒】开学将至，这些准备都做好了吗？​,2020-09-01 19:57,0,0,0,https://weibo.com/5052390128/JiDZf2K5v?refer_flag=1001030103_
JiDYpyif5,雅荷棠JDMPA,7230479500,【防控新型冠状病毒】开学将至，这些准备都做好了吗？O【防控新型冠状病毒】开学将至，这些准备都做好了吗？​,2020-09-01 19:55,0,0,0,https://weibo.com/7230479500/JiDYpyif5?refer_flag=1001030103_
JiDWOjsTY,用户6188489508,6188489508,权威发布|截至8月30日24时福建省新型冠状病毒肺炎疫情情况O权威发布|截至8月30日24时福建省新型冠状病毒肺炎疫情情况​,2020-09-01 19:51,0,0,0,https://weibo.com/6188489508/JiDWOjsTY?refer_flag=1001030103_
JiDWBAXYp,用户6188489508,6188489508,权威发布|截至8月30日24时福建省新型冠状病毒肺炎疫情情况O权威发布|截至8月30日24时福建省新型冠状病毒肺炎疫情情况​,2020-09-01 19:51,0,0,0,https://weibo.com/6188489508/JiDWBAXYp?refer_flag=1001030103_
JiDVWtk4I,wangwoba21,3022622161,权威发布|截至8月30日24时福建省新型冠状病毒肺炎疫情情况O权威发布|截至8月30日24时福建省新型冠状病毒肺炎疫情情况​,2020-09-01 19:49,0,0,0,https://weibo.com/3022622161/JiDVWtk4I?refer_flag=1001030103_
JiDV0iT1x,迷失的下雨天,2141959731,权威发布|截至8月30日24时福建省新型冠状病毒肺炎疫情情况O权威发布|截至8月30日24时福建省新型冠状病毒肺炎疫情情况​,2020-09-01 19:47,0,0,0,https://weibo.com/2141959731/JiDV0iT1x?refer_flag=1001030103_
JiDTEluw1,等待追逐欣赏,3947365516,【防控新型冠状病毒】开学将至，这些准备都做好了吗？O【防控新型冠状病毒】开学将至，这些准备都做好了吗？​,2020-09-01 19:44,0,0,0,https://weibo.com/3947365516/JiDTEluw1?refer_flag=1001030103_
JiDRSdX4G,最好不过一场梦,3835758653,【防控新型冠状病毒】开学将至，这些准备都做好了吗？O【防控新型冠状病毒】开学将至，这些准备都做好了吗？​,2020-09-01 19:39,0,0,0,https://weibo.com/3835758653/JiDRSdX4G?refer_flag=1001030103_
JiDR2bl1w,湛江龙哥网络平台,5993859207,【防控新型冠状病毒】开学将至，这些准备都做好了吗？O【防控新型冠状病毒】开学将至，这些准备都做好了吗？​,2020-09-01 19:37,0,0,0,https://weibo.com/5993859207/JiDR2bl1w?refer_flag=1001030103_
JiDNtqaRF,若木若木若木,2185768244,【防控新型冠状病毒】开学将至，这些准备都做好了吗？O【防控新型冠状病毒】开学将至，这些准备都做好了吗？​,2020-09-01 19:28,0,0,0,https://weibo.com/2185768244/JiDNtqaRF?refer_flag=1001030103_
JiEnBjkST,摩羯白目鱼,2527074752,【防控新型冠状病毒】开学将至，这些准备都做好了吗？O【防控新型冠状病毒】开学将至，这些准备都做好了吗？​,2020-09-01 20:57,0,0,0,https://weibo.com/2527074752/JiEnBjkST?refer_flag=1001030103_
JiEn05wpR,海儿不哭96102,5299648635,权威发布|截至8月30日24时福建省新型冠状病毒肺炎疫情情况O权威发布|截至8月30日24时福建省新型冠状病毒肺炎疫情情况​,2020-09-01 20:56,0,0,0,https://weibo.com/5299648635/JiEn05wpR?refer_flag=1001030103_
JiEmVB6NX,LaoLRJ,3362857194,【防控新型冠状病毒】开学将至，这些准备都做好了吗？O【防控新型冠状病毒】开学将至，这些准备都做好了吗？​,2020-09-01 20:56,0,0,0,https://weibo.com/3362857194/JiEmVB6NX?refer_flag=1001030103_
JiEhIiZ9r,妮蔻TJ_798,1967084287,吉林省卫生健康委关于新型冠状病毒肺炎疫情情况通报（2020年8月30日公布）O吉林省卫生健康委关于新型冠状病毒肺炎疫情情况通报（2020年8月30日公布）​,2020-09-01 20:43,0,0,0,https://weibo.com/1967084287/JiEhIiZ9r?refer_flag=1001030103_
JiEgAibk1,美丽的莹莹_530,6046470341,【防控新型冠状病毒】开学将至，这些准备都做好了吗？O【防控新型冠状病毒】开学将至，这些准备都做好了吗？​,2020-09-01 20:40,0,0,0,https://weibo.com/6046470341/JiEgAibk1?refer_flag=1001030103_
JiEeciZoo,变蓝变红,2642182447,【防控新型冠状病毒】开学将至，这些准备都做好了吗？O【防控新型冠状病毒】开学将至，这些准备都做好了吗？​,2020-09-01 20:34,0,0,0,https://weibo.com/2642182447/JiEeciZoo?refer_flag=1001030103_
JiEcBA6p8,用户6689977544,6689977544,【防控新型冠状病毒】开学将至，这些准备都做好了吗？O【防控新型冠状病毒】开学将至，这些准备都做好了吗？​,2020-09-01 20:30,0,0,0,https://weibo.com/6689977544/JiEcBA6p8?refer_flag=1001030103_
JiEbFF5ny,Jadefinal,5650578708,【防控新型冠状病毒】开学将至，这些准备都做好了吗？O【防控新型冠状病毒】开学将至，这些准备都做好了吗？​,2020-09-01 20:28,0,0,0,https://weibo.com/5650578708/JiEbFF5ny?refer_flag=1001030103_
JiE9jqcdf,Hahaha小脏,7366863717,权威发布|截至8月30日24时福建省新型冠状病毒肺炎疫情情况O权威发布|截至8月30日24时福建省新型冠状病毒肺炎疫情情况​,2020-09-01 20:22,0,0,0,https://weibo.com/7366863717/JiE9jqcdf?refer_flag=1001030103_
JiE7ymUiG,用户7331959780,7331959780,励志哲理人生钟南山院士，在中央电视台讲在武汉抗战新型冠状病毒的感慨与经历，生命可贵。2武汉​,2020-09-01 20:18,0,14,10,https://weibo.com/7331959780/JiE7ymUiG?refer_flag=1001030103_
JiE7vpB4d,周道娟1211,5584583739,权威发布|截至8月30日24时福建省新型冠状病毒肺炎疫情情况O权威发布|截至8月30日24时福建省新型冠状病毒肺炎疫情情况​,2020-09-01 20:18,0,0,0,https://weibo.com/5584583739/JiE7vpB4d?refer_flag=1001030103_
JiE30pBGv,最后一个小橙子,2109457115,权威发布|截至8月30日24时福建省新型冠状病毒肺炎疫情情况O权威发布|截至8月30日24时福建省新型冠状病毒肺炎疫情情况​,2020-09-01 20:07,0,0,0,https://weibo.com/2109457115/JiE30pBGv?refer_flag=1001030103_
JiE2jC2tB,用户7490820889,7490820889,【防控新型冠状病毒】开学将至，这些准备都做好了吗？O【防控新型冠状病毒】开学将至，这些准备都做好了吗？​,2020-09-01 20:05,0,0,0,https://weibo.com/7490820889/JiE2jC2tB?refer_flag=1001030103_
JiF85fpOr,快乐飞行的猫,2109764935,【防控新型冠状病毒】开学将至，这些准备都做好了吗？O【防控新型冠状病毒】开学将至，这些准备都做好了吗？​,2020-09-01 22:52,0,0,0,https://weibo.com/2109764935/JiF85fpOr?refer_flag=1001030103_
JiF3uFHNw,ONE杰少,3580041772,权威发布|截至8月30日24时福建省新型冠状病毒肺炎疫情情况O权威发布|截至8月30日24时福建省新型冠状病毒肺炎疫情情况​,2020-09-01 22:41,0,0,0,https://weibo.com/3580041772/JiF3uFHNw?refer_flag=1001030103_
JiF1kwxaZ,红玉薯米,2862452284,权威发布|截至8月30日24时福建省新型冠状病毒肺炎疫情情况O权威发布|截至8月30日24时福建省新型冠状病毒肺炎疫情情况​,2020-09-01 22:35,0,0,0,https://weibo.com/2862452284/JiF1kwxaZ?refer_flag=1001030103_
JiF1dpXZL,W彼岸篝火cc,1009876785,权威发布|截至8月30日24时福建省新型冠状病毒肺炎疫情情况O权威发布|截至8月30日24时福建省新型冠状病毒肺炎疫情情况​,2020-09-01 22:35,0,0,0,https://weibo.com/1009876785/JiF1dpXZL?refer_flag=1001030103_
JiEYuBUD9,小小南一2013,2305292192,权威发布|截至8月30日24时福建省新型冠状病毒肺炎疫情情况O权威发布|截至8月30日24时福建省新型冠状病毒肺炎疫情情况​,2020-09-01 22:28,0,0,0,https://weibo.com/2305292192/JiEYuBUD9?refer_flag=1001030103_
JiEYhllUO,美剧业界资讯站,1731685083,第72届艾美奖The72thPrimetimeEmmyAwards官方海报....受COVID-19(新型冠状病毒肺炎)的影响，第72届艾美奖(The72thPrimetimeEmmyAwards)颁奖晚会于北美时间9月20日周日将会线上举办，ABC电视台将进行全程转播​,2020-09-01 22:28,0,0,0,https://weibo.com/1731685083/JiEYhllUO?refer_flag=1001030103_
JiEXekOY7,用户6621154479,6621154479,【防控新型冠状病毒】开学将至，这些准备都做好了吗？O【防控新型冠状病毒】开学将至，这些准备都做好了吗？​,2020-09-01 22:25,0,0,0,https://weibo.com/6621154479/JiEXekOY7?refer_flag=1001030103_
JiEUru3K0,我是trussel,2826074334,【防控新型冠状病毒】开学将至，这些准备都做好了吗？O【防控新型冠状病毒】开学将至，这些准备都做好了吗？​,2020-09-01 22:18,0,0,0,https://weibo.com/2826074334/JiEUru3K0?refer_flag=1001030103_
JiEU50DA8,白衣小工,2518491501,截至8月31日24时新型冠状病毒肺炎疫情最新情况O网页链接​,2020-09-01 22:17,0,0,0,https://weibo.com/2518491501/JiEU50DA8?refer_flag=1001030103_
JiEU48yvV,GJFGXHL68656,6614610612,【防控新型冠状病毒】开学将至，这些准备都做好了吗？O【防控新型冠状病毒】开学将至，这些准备都做好了吗？​,2020-09-01 22:17,0,0,0,https://weibo.com/6614610612/JiEU48yvV?refer_flag=1001030103_
JiET45ndN,傻梦女孩_707,3283455191,权威发布|截至8月30日24时福建省新型冠状病毒肺炎疫情情况O权威发布|截至8月30日24时福建省新型冠状病毒肺炎疫情情况​,2020-09-01 22:15,0,0,0,https://weibo.com/3283455191/JiET45ndN?refer_flag=1001030103_
Jiwum59Wj,玲珑阁幽幽,6033485421,权威发布|截至8月30日24时福建省新型冠状病毒肺炎疫情情况O权威发布|截至8月30日24时福建省新型冠状病毒肺炎疫情情况​,2020-09-01 00:52,0,0,0,https://weibo.com/6033485421/Jiwum59Wj?refer_flag=1001030103_
JiwnpjQV0,杏子的小白,1669729611,权威发布|截至8月29日24时福建省新型冠状病毒肺炎疫情情况O权威发布|截至8月29日24时福建省新型冠状病毒肺炎疫情情况​,2020-09-01 00:35,0,0,1,https://weibo.com/1669729611/JiwnpjQV0?refer_flag=1001030103_
Jiwbvt9y2,杰锦滔輝,3155559762,截至8月20日24时新型冠状病毒肺炎疫情最新情况O截至8月20日24时新型冠状病毒肺炎疫情最新情况​,2020-09-01 00:06,0,0,0,https://weibo.com/3155559762/Jiwbvt9y2?refer_flag=1001030103_
JiwGzpLJt,TridentofPoseidon,3221298471,解惑新型冠状病毒的前世今生！带你辨认庞大的微生物家族O解惑新型冠状病毒的前世今生！带你辨认庞大的微生物家族​,2020-09-01 01:22,0,0,0,https://weibo.com/3221298471/JiwGzpLJt?refer_flag=1001030103_
JixmWqLzL,最美大理爱生活,5450115087,吉林省卫生健康委关于新型冠状病毒肺炎疫情情况通报（2020年8月31日公布）O吉林省卫生健康委关于新型冠状病毒肺炎疫情情况通报（2020年8月31日公布）​,2020-09-01 03:07,0,0,0,https://weibo.com/5450115087/JixmWqLzL?refer_flag=1001030103_
Jiy5zlCGb,沫丶沫Makiyo,2998146630,#双黄连可抑制新型冠状病毒#黑人问号脸2无锡​,2020-09-01 04:57,0,0,0,https://weibo.com/2998146630/Jiy5zlCGb?refer_flag=1001030103_
JixYqaK8O,抑昂瓶汹_ybzthh,7494109159,新冠疫情之下，的收藏级口罩成为颁奖典礼上的最大赢家新型冠状病毒口罩新冠肺炎口罩成最大赢家音乐口罩娱乐​,2020-09-01 04:39,0,0,0,https://weibo.com/7494109159/JixYqaK8O?refer_flag=1001030103_
JixKMcdxJ,路或打酱油,3015967545,权威发布|截至8月30日24时福建省新型冠状病毒肺炎疫情情况O权威发布|截至8月30日24时福建省新型冠状病毒肺炎疫情情况​,2020-09-01 04:05,0,0,0,https://weibo.com/3015967545/JixKMcdxJ?refer_flag=1001030103_
Jiyuht8Tl,用户7498507014,7498507014,实时更新|新型冠状病毒肺炎全国疫情地图O实时更新|新冠肺炎疫情地图​,2020-09-01 05:57,0,0,0,https://weibo.com/7498507014/Jiyuht8Tl?refer_flag=1001030103_
JiytqzvNp,主播谭琳,1653348364,"美国周一新增9,896例新冠确诊病例，155例死亡病例，该国累计确诊6,006,327例，累计死亡183,221例#CORONAVIRUS##新型冠状病毒##新冠肺炎##美国##美国疫情##全球疫情##全球疫情权威播报##新冠肺炎疫情全球走势#​",2020-09-01 05:55,0,0,4,https://weibo.com/1653348364/JiytqzvNp?refer_flag=1001030103_
Jiys7BBZg,风候1,1145526835,权威发布|截至8月30日24时福建省新型冠状病毒肺炎疫情情况O权威发布|截至8月30日24时福建省新型冠状病毒肺炎疫情情况​,2020-09-01 05:52,0,0,0,https://weibo.com/1145526835/Jiys7BBZg?refer_flag=1001030103_
Jiys5BVKT,风候1,1145526835,权威发布|截至8月30日24时福建省新型冠状病毒肺炎疫情情况O权威发布|截至8月30日24时福建省新型冠状病毒肺炎疫情情况​,2020-09-01 05:52,0,0,0,https://weibo.com/1145526835/Jiys5BVKT?refer_flag=1001030103_
JiyqxdRmJ,CrystalPearl,1456735502,"#澳大利亚疫情##海外抗疫日记##全球疫情#截至发稿时，澳大利亚累计确诊新型冠状病毒病例25,746例，死亡病例652例。各州确诊病例数如下：新州4050例维州19080例昆州1122例南澳463例西澳655例塔州230例首都领地113例北领地33例澳大利亚​​​​​2澳大利亚​",2020-09-01 05:48,1,0,3,https://weibo.com/1456735502/JiyqxdRmJ?refer_flag=1001030103_
JiygPzhoR,主播谭琳,1653348364,美国国家冰球联盟NHL连续5周报告新冠检测零确诊#美国##CORONAVIRUS##新型冠状病毒##新冠肺炎##美国疫情##体育##冰球#​,2020-09-01 05:24,0,0,0,https://weibo.com/1653348364/JiygPzhoR?refer_flag=1001030103_
JiyfhjZZB,明月0225,6551317801,吉林省卫生健康委关于新型冠状病毒肺炎疫情情况通报（2020年8月31日公布）O吉林省卫生健康委关于新型冠状病毒肺炎疫情情况通报（2020年8月31日公布）​,2020-09-01 05:20,0,0,0,https://weibo.com/6551317801/JiyfhjZZB?refer_flag=1001030103_
JiySG6JOk,用户6998245073,6998245073,【防控新型冠状病毒】开学将至，这些准备都做好了吗？O【防控新型冠状病毒】开学将至，这些准备都做好了吗？​,2020-09-01 06:58,0,0,0,https://weibo.com/6998245073/JiySG6JOk?refer_flag=1001030103_
JiySy82wa,用户6375772526,6375772526,【防控新型冠状病毒】开学将至，这些准备都做好了吗？O【防控新型冠状病毒】开学将至，这些准备都做好了吗？​,2020-09-01 06:57,0,0,0,https://weibo.com/6375772526/JiySy82wa?refer_flag=1001030103_
JiyQBCBAd,逍遥人生人生逍遥,1404022807,权威发布|截至8月30日24时福建省新型冠状病毒肺炎疫情情况O权威发布|截至8月30日24时福建省新型冠状病毒肺炎疫情情况​,2020-09-01 06:52,0,0,0,https://weibo.com/1404022807/JiyQBCBAd?refer_flag=1001030103_
JiyPImbNQ,喵俩个咪,1951250835,【防控新型冠状病毒】开学将至，这些准备都做好了吗？O【防控新型冠状病毒】开学将至，这些准备都做好了吗？​,2020-09-01 06:50,0,0,0,https://weibo.com/1951250835/JiyPImbNQ?refer_flag=1001030103_
JiyPBgIKZ,在穗农民公,2036576751,【防控新型冠状病毒】开学将至，这些准备都做好了吗？O【防控新型冠状病毒】开学将至，这些准备都做好了吗？​,2020-09-01 06:50,0,0,0,https://weibo.com/2036576751/JiyPBgIKZ?refer_flag=1001030103_
JiyPAnuuj,墨人028,3442540752,解惑新型冠状病毒的前世今生！带你辨认庞大的微生物家族O网页链接​,2020-09-01 06:50,0,0,0,https://weibo.com/3442540752/JiyPAnuuj?refer_flag=1001030103_
JiyPin62j,一休哥0951,1188047757,【防控新型冠状病毒】开学将至，这些准备都做好了吗？O【防控新型冠状病毒】开学将至，这些准备都做好了吗？​,2020-09-01 06:49,0,0,0,https://weibo.com/1188047757/JiyPin62j?refer_flag=1001030103_
JiyMTrofn,陌_小思,2112690932,【防控新型冠状病毒】开学将至，这些准备都做好了吗？O【防控新型冠状病毒】开学将至，这些准备都做好了吗？​,2020-09-01 06:43,0,0,0,https://weibo.com/2112690932/JiyMTrofn?refer_flag=1001030103_
JiyMSuQhA,陌_小思,2112690932,【防控新型冠状病毒】开学将至，这些准备都做好了吗？O【防控新型冠状病毒】开学将至，这些准备都做好了吗？​,2020-09-01 06:43,0,0,0,https://weibo.com/2112690932/JiyMSuQhA?refer_flag=1001030103_
JiyLWkqiN,有容彦圣,2273359001,【防控新型冠状病毒】开学将至，这些准备都做好了吗？O【防控新型冠状病毒】开学将至，这些准备都做好了吗？​,2020-09-01 06:41,0,0,0,https://weibo.com/2273359001/JiyLWkqiN?refer_flag=1001030103_
JiyLxwaDW,用户6313071439,6313071439,【防控新型冠状病毒】开学将至，这些准备都做好了吗？O【防控新型冠状病毒】开学将至，这些准备都做好了吗？​,2020-09-01 06:40,0,0,0,https://weibo.com/6313071439/JiyLxwaDW?refer_flag=1001030103_
JiyL6k23D,zjcn1976,1134373782,【防控新型冠状病毒】开学将至，这些准备都做好了吗？O【防控新型冠状病毒】开学将至，这些准备都做好了吗？​,2020-09-01 06:39,0,0,0,https://weibo.com/1134373782/JiyL6k23D?refer_flag=1001030103_
JiyJC46ow,三叶虫KIKI,1591302900,吉林省卫生健康委关于新型冠状病毒肺炎疫情情况通报（2020年8月31日公布）O吉林省卫生健康委关于新型冠状病毒肺炎疫情情况通报（2020年8月31日公布）​,2020-09-01 06:35,0,0,0,https://weibo.com/1591302900/JiyJC46ow?refer_flag=1001030103_
JiyI7i2hQ,遇贝更好的自己,2286990387,吉林省卫生健康委关于新型冠状病毒肺炎疫情情况通报（2020年8月31日公布）O吉林省卫生健康委关于新型冠状病毒肺炎疫情情况通报（2020年8月31日公布）​,2020-09-01 06:32,0,0,0,https://weibo.com/2286990387/JiyI7i2hQ?refer_flag=1001030103_
JiyI5cS3I,遇贝更好的自己,2286990387,吉林省卫生健康委关于新型冠状病毒肺炎疫情情况通报（2020年8月31日公布）O吉林省卫生健康委关于新型冠状病毒肺炎疫情情况通报（2020年8月31日公布）​,2020-09-01 06:31,0,0,0,https://weibo.com/2286990387/JiyI5cS3I?refer_flag=1001030103_
JiyFftdnw,刘增品,7277087069,【防控新型冠状病毒】开学将至，这些准备都做好了吗？O【防控新型冠状病毒】开学将至，这些准备都做好了吗？​,2020-09-01 06:24,0,0,0,https://weibo.com/7277087069/JiyFftdnw?refer_flag=1001030103_
JiyE8gauE,步有丶,6795947672,权威发布|截至8月30日24时福建省新型冠状病毒肺炎疫情情况O权威发布|截至8月30日24时福建省新型冠状病毒肺炎疫情情况​,2020-09-01 06:22,0,0,0,https://weibo.com/6795947672/JiyE8gauE?refer_flag=1001030103_
JiyDRsOAT,Dploy花生酱,7275965980,吉林省卫生健康委关于新型冠状病毒肺炎疫情情况通报（2020年8月31日公布）O吉林省卫生健康委关于新型冠状病毒肺炎疫情情况通报（2020年8月31日公布）​,2020-09-01 06:21,0,0,0,https://weibo.com/7275965980/JiyDRsOAT?refer_flag=1001030103_
JiyD5AzHQ,逗你玩3220459602,3220459602,吉林省卫生健康委关于新型冠状病毒肺炎疫情情况通报（2020年8月31日公布）O吉林省卫生健康委关于新型冠状病毒肺炎疫情情况通报（2020年8月31日公布）​,2020-09-01 06:19,0,0,0,https://weibo.com/3220459602/JiyD5AzHQ?refer_flag=1001030103_
Jizg1oJ8W,册亨气象局57909,5290788272,"【册亨县气象台】9月1日07时发布早间预报:今天白天全县各地多云,今天夜间多云,县城气温23～33℃.温馨提示:常洗手,常消毒,勤通风,勤换气,预防新型冠状病毒肺炎从我做起！​",2020-09-01 07:55,0,0,1,https://weibo.com/5290788272/Jizg1oJ8W?refer_flag=1001030103_
JizfPnm7R,静-暮,1880886350,【防控新型冠状病毒】开学将至，这些准备都做好了吗？O【防控新型冠状病毒】开学将至，这些准备都做好了吗？​,2020-09-01 07:55,0,0,0,https://weibo.com/1880886350/JizfPnm7R?refer_flag=1001030103_
JizfCERuO,yded,1006576322,【防控新型冠状病毒】开学将至，这些准备都做好了吗？O【防控新型冠状病毒】开学将至，这些准备都做好了吗？​,2020-09-01 07:54,0,0,0,https://weibo.com/1006576322/JizfCERuO?refer_flag=1001030103_
JizfAAO0k,新梅style,1157976145,【防控新型冠状病毒】开学将至，这些准备都做好了吗？O【防控新型冠状病毒】开学将至，这些准备都做好了吗？​,2020-09-01 07:54,0,0,0,https://weibo.com/1157976145/JizfAAO0k?refer_flag=1001030103_
Jizflr71I,辽宁卫生12320,3270933955,【2020年8月31日0时至24时辽宁新型冠状病毒肺炎疫情情况】8月31日0时至24时，辽宁省无新增新冠肺炎确诊病例。无新增治愈出院病例。截至8月31日24时，全省累计报告确诊病例262例（含境外输入38例），治愈出院259例，死亡2例，在院治疗1例。目前，尚有2例无症状感染者在定点医院隔离治疗。​,2020-09-01 07:53,1,0,4,https://weibo.com/3270933955/Jizflr71I?refer_flag=1001030103_
JizfihHck,临夏公安,2332582400,新型冠状病毒检测指南朝令夕改，美专家：美国疾控中心受迫于政治压力。（中国日报）#美国各地大学疫情向校园外蔓延#L辽宁共青团的微博视频​​​,2020-09-01 07:53,0,0,0,https://weibo.com/2332582400/JizfihHck?refer_flag=1001030103_
Jizfe59wt,内江中区公安,5787481830,新型冠状病毒检测指南朝令夕改，美专家：美国疾控中心受迫于政治压力。#美国各地大学疫情向校园外蔓延#L辽宁共青团的微博视频​​​,2020-09-01 07:53,0,0,7,https://weibo.com/5787481830/Jizfe59wt?refer_flag=1001030103_
JizfaeB1F,健康辽宁,2388328355,【#辽宁#新型冠状病毒肺炎疫情情况】2020年8月31日0时至24时，辽宁省无新增新冠肺炎确诊病例。无新增治愈出院病例。截至8月31日24时，全省累计报告确诊病例262例（含境外输入38例），治愈出院259例，死亡2例，在院治疗1例。目前，尚有2例无症状感染者在定点医院隔离治疗。​,2020-09-01 07:53,3,14,52,https://weibo.com/2388328355/JizfaeB1F?refer_flag=1001030103_
JizewjW7V,大连网警巡查执法,5610349502,新型冠状病毒检测指南朝令夕改，美专家：美国疾控中心受迫于政治压力。（中国日报）#美国各地大学疫情向校园外蔓延#L辽宁共青团的微博视频​​​,2020-09-01 07:51,0,0,0,https://weibo.com/5610349502/JizewjW7V?refer_flag=1001030103_
JizdTjDYU,陇原政法,6892712944,新型冠状病毒检测指南朝令夕改，美专家：美国疾控中心受迫于政治压力。（中国日报）#美国各地大学疫情向校园外蔓延#L辽宁共青团的微博视频​​​,2020-09-01 07:50,2,0,5,https://weibo.com/6892712944/JizdTjDYU?refer_flag=1001030103_
JizdJ3Gf6,沉魔夕夕,3177919893,权威发布|截至8月30日24时福建省新型冠状病毒肺炎疫情情况O权威发布|截至8月30日24时福建省新型冠状病毒肺炎疫情情况​,2020-09-01 07:49,0,0,0,https://weibo.com/3177919893/JizdJ3Gf6?refer_flag=1001030103_
JizdHvvSn,用户6551241392,6551241392,#带着微博去旅行##双黄连可抑制新型冠状病毒#2北京·阳光水岸​,2020-09-01 07:49,0,0,0,https://weibo.com/6551241392/JizdHvvSn?refer_flag=1001030103_
JizFt2OfP,用户6213120184,6213120184,【防控新型冠状病毒】开学将至，这些准备都做好了吗？O【防控新型冠状病毒】开学将至，这些准备都做好了吗？​,2020-09-01 08:58,0,0,0,https://weibo.com/6213120184/JizFt2OfP?refer_flag=1001030103_
JizF612Da,山丹检察,3227158622,新型冠状病毒检测指南朝令夕改，美专家：美国疾控中心受迫于政治压力。（中国日报）#美国各地大学疫情向校园外蔓延#L辽宁共青团的微博视频​​​2张掖·山丹县​,2020-09-01 08:57,1,19,6,https://weibo.com/3227158622/JizF612Da?refer_flag=1001030103_
JizEOD7C0,鹤城公安,1919140215,新型冠状病毒检测指南朝令夕改，美专家：美国疾控中心受迫于政治压力。（中国日报）#美国各地大学疫情向校园外蔓延#L辽宁共青团的微博视频​,2020-09-01 08:56,6,0,8,https://weibo.com/1919140215/JizEOD7C0?refer_flag=1001030103_
JizDKrOOh,健康自贡,5708638122,#健康发布#【截至8月31日24时我市新型冠状病毒肺炎疫情最新情况】8月31日，我市无新增新型冠状病毒肺炎确诊病例，无新型冠状病毒无症状感染者。截至8月31日24时，我市累计报告新型冠状病毒肺炎确诊病例9例，治愈出院9例。累计追踪到密切接触者262人，解除医学观察262人。​,2020-09-01 08:54,0,0,0,https://weibo.com/5708638122/JizDKrOOh?refer_flag=1001030103_
JiAsmcdxi,黄志201607,7392090152,我在看：【截至8月31日24时新型冠状病毒肺炎疫情最新情况】#跟新浪看热点#O截至8月31日24时新型冠状病毒肺炎疫情最新情况​,2020-09-01 10:58,0,0,0,https://weibo.com/7392090152/JiAsmcdxi?refer_flag=1001030103_
JiArVAoaB,啦啦啦7471574472,7471574472,【防控新型冠状病毒】开学将至，这些准备都做好了吗？O【防控新型冠状病毒】开学将至，这些准备都做好了吗？​,2020-09-01 10:57,0,0,0,https://weibo.com/7471574472/JiArVAoaB?refer_flag=1001030103_
JiArSqW3c,优酱日本整形医美翻译,3275961592,《新冠疫苗供给优先医疗从业者、高龄人员，孕妇接种与否商讨中》8月21日，日本分科会就新型冠状病毒预防疫苗接种顺序打成以下共识：新冠医疗从业者、高龄人员、患病者均属于优先对象。#日本医美##日本整形##日本疫情#​,2020-09-01 10:57,0,0,0,https://weibo.com/3275961592/JiArSqW3c?refer_flag=1001030103_
JiArGk4GY,崇阳检察,5075777741,【#31省区市新增10例确诊均为境外输入#】8月31日0—24时，31个省（自治区、直辖市）和新疆生产建设兵团报告新增确诊病例10例，均为境外输入病例（天津3例，河北3例，内蒙古1例，上海1例，福建1例，广东1例）；无新增死亡病例；无新增疑似病例。#防控新型冠状病毒肺炎#O网页链接​​​,2020-09-01 10:57,1,0,1,https://weibo.com/5075777741/JiArGk4GY?refer_flag=1001030103_
JiAr1wdwN,四平发布,3327314990,#【新型冠状病毒科普知识】⑯公园篇​,2020-09-01 10:55,0,0,0,https://weibo.com/3327314990/JiAr1wdwN?refer_flag=1001030103_
JiAqZoQ8q,问政大庆,5228963479,【大庆市8月31日无新增确诊病例】2020年8月31日0-24时，大庆市无新增新型冠状病毒肺炎确诊病例，无新增疑似病例。截至8月31日24时，现有确诊病例0例，现有疑似病例0例。O大庆市8月31日无新增确诊病例​,2020-09-01 10:55,0,0,2,https://weibo.com/5228963479/JiAqZoQ8q?refer_flag=1001030103_
JiAqUnsjW,卢新37979,6994146754,权威发布|截至8月30日24时福建省新型冠状病毒肺炎疫情情况O权威发布|截至8月30日24时福建省新型冠状病毒肺炎疫情情况​,2020-09-01 10:55,0,0,0,https://weibo.com/6994146754/JiAqUnsjW?refer_flag=1001030103_
JiAqR8xgq,蘇Ga,1931916311,【防控新型冠状病毒】开学将至，这些准备都做好了吗？O【防控新型冠状病毒】开学将至，这些准备都做好了吗？​,2020-09-01 10:55,0,0,0,https://weibo.com/1931916311/JiAqR8xgq?refer_flag=1001030103_
JiAqzrVLO,西湖发布,5186000071,【9月1日最新疫情通报丨杭州无新增确诊病例】#抗击新型冠状病毒肺炎疫情#8月31日0-24时，无新增确诊病例，截至31日24时，累计报告确诊病例194例（其中境外输入病例13例）。​,2020-09-01 10:54,5,0,2,https://weibo.com/5186000071/JiAqzrVLO?refer_flag=1001030103_
JiAq7nEXG,中国大庆发布,5000611793,【大庆市8月31日无新增确诊病例】2020年8月31日0-24时，大庆市无新增新型冠状病毒肺炎确诊病例，无新增疑似病例。截至8月31日24时，现有确诊病例0例，现有疑似病例0例。O大庆市8月31日无新增确诊病例​,2020-09-01 10:53,0,0,0,https://weibo.com/5000611793/JiAq7nEXG?refer_flag=1001030103_
JiAoPBGrK,黄芷渊,2459924257,#香港普检今日开始#自願性質的全民檢測正式展開，全港141個檢測中心，部分預約名額已經爆滿，早上陸續有市民到場接受檢測，運作大致暢順。#香港普及社区检测9月1日推行##新型冠状病毒##香港疫情#​,2020-09-01 10:50,2,13,23,https://weibo.com/2459924257/JiAoPBGrK?refer_flag=1001030103_
JiAocfoBm,宁波交通广播FM939,1750354480,【2020年9月1日浙江省新型冠状病毒肺炎疫情情况】8月31日0-24时，新增无症状感染者2例（均为菲律宾输入），已排查密切接触者均已实施集中隔离。截至31日24时，累计报告确诊病例1278例（境外输入病例59例）。​​​​,2020-09-01 10:48,0,0,0,https://weibo.com/1750354480/JiAocfoBm?refer_flag=1001030103_
JiAnMjAor,用户629726297230983,6297230983,【防控新型冠状病毒】开学将至，这些准备都做好了吗？O【防控新型冠状病毒】开学将至，这些准备都做好了吗？​,2020-09-01 10:47,0,0,0,https://weibo.com/6297230983/JiAnMjAor?refer_flag=1001030103_
JiAnylRrN,御姐艾诗,6441981419,【防控新型冠状病毒】开学将至，这些准备都做好了吗？O【防控新型冠状病毒】开学将至，这些准备都做好了吗？​,2020-09-01 10:46,0,0,0,https://weibo.com/6441981419/JiAnylRrN?refer_flag=1001030103_
JiAmRzp7b,xiongqi1962,1345906621,实时更新|新型冠状病毒肺炎全国疫情地图O实时更新|新冠肺炎疫情地图​,2020-09-01 10:45,0,0,0,https://weibo.com/1345906621/JiAmRzp7b?refer_flag=1001030103_
JiAR2fDA5,富阳发布,5127914121,【2020年9月1日杭州市新型冠状病毒肺炎疫情情况】8月31日0-24时，无新增确诊病例，截至31日24时，累计报告确诊病例194例（其中境外输入病例13例）。​,2020-09-01 11:59,5,0,1,https://weibo.com/5127914121/JiAR2fDA5?refer_flag=1001030103_
JiAQkzXE5,厦门广电,5395667635,【轨迹公布！厦门通报新增确诊、无症状感染者详情→】8月31日0—24时，厦门市报告新增境外输入新型冠状病毒肺炎确诊病例1例（菲律宾），新增无症状感染者3例（新加坡2例、菲律宾1例）。戳看4人的归国轨迹：O轨迹公布！厦门通报新增确诊、无症状感染者详情→​,2020-09-01 11:57,0,0,0,https://weibo.com/5395667635/JiAQkzXE5?refer_flag=1001030103_
JiAPD5tuX,月半子809,7248176174,【防控新型冠状病毒】开学将至，这些准备都做好了吗？O【防控新型冠状病毒】开学将至，这些准备都做好了吗？​,2020-09-01 11:56,0,0,0,https://weibo.com/7248176174/JiAPD5tuX?refer_flag=1001030103_
JiAPw5xS2,青春绍兴,5378505733,新型冠状病毒检测指南朝令夕改，美专家：美国疾控中心受迫于政治压力。（中国日报）#美国各地大学疫情向校园外蔓延#L辽宁共青团的微博视频​​​,2020-09-01 11:55,0,0,4,https://weibo.com/5378505733/JiAPw5xS2?refer_flag=1001030103_
JiAPdaO3i,用户6716809528,6716809528,【防控新型冠状病毒】开学将至，这些准备都做好了吗？O【防控新型冠状病毒】开学将至，这些准备都做好了吗？​,2020-09-01 11:55,0,0,0,https://weibo.com/6716809528/JiAPdaO3i?refer_flag=1001030103_
JiAMmo0sA,河北长安网,6155344804,新型冠状病毒检测指南朝令夕改，美专家：美国疾控中心受迫于政治压力。（中国日报）#美国各地大学疫情向校园外蔓延#L辽宁共青团的微博视频​​​,2020-09-01 11:47,0,0,0,https://weibo.com/6155344804/JiAMmo0sA?refer_flag=1001030103_
JiALvuoVz,狂风4535,3489698875,权威发布|截至8月30日24时福建省新型冠状病毒肺炎疫情情况O权威发布|截至8月30日24时福建省新型冠状病毒肺炎疫情情况​,2020-09-01 11:45,0,0,0,https://weibo.com/3489698875/JiALvuoVz?refer_flag=1001030103_
JiAKJ6eAZ,Kalight,1750280521,【防控新型冠状病毒】开学将至，这些准备都做好了吗？O【防控新型冠状病毒】开学将至，这些准备都做好了吗？​,2020-09-01 11:43,0,0,0,https://weibo.com/1750280521/JiAKJ6eAZ?refer_flag=1001030103_
JiAKFxhTl,掌上温岭,1497418417,【2020年9月1日温岭市新型冠状病毒肺炎疫情情况】2020年8月31日0—24时，温岭市无新增本地确诊病例，无新增境外输入新冠肺炎确诊病例，无新增无症状感染者。截至8月31日24时，温岭市累计报告本地确诊病例55例以及境外输入确诊病例1例，已治愈出院56例。​,2020-09-01 11:43,0,0,1,https://weibo.com/1497418417/JiAKFxhTl?refer_flag=1001030103_
JiAIqEmUd,温岭发布,2642474143,【2020年9月1日温岭市新型冠状病毒肺炎疫情情况】2020年8月31日0—24时，温岭市无新增本地确诊病例，无新增境外输入新冠肺炎确诊病例，无新增无症状感染者。截至8月31日24时，温岭市累计报告本地确诊病例55例以及境外输入确诊病例1例，已治愈出院56例。​,2020-09-01 11:38,0,0,0,https://weibo.com/2642474143/JiAIqEmUd?refer_flag=1001030103_
JiBc6laEY,hby萌萌哒,6973085310,权威发布|截至8月30日24时福建省新型冠状病毒肺炎疫情情况O权威发布|截至8月30日24时福建省新型冠状病毒肺炎疫情情况​,2020-09-01 12:51,0,0,0,https://weibo.com/6973085310/JiBc6laEY?refer_flag=1001030103_
JiBbglUwT,用户7475283145,7475283145,【防控新型冠状病毒】开学将至，这些准备都做好了吗？O【防控新型冠状病毒】开学将至，这些准备都做好了吗？​,2020-09-01 12:49,0,0,0,https://weibo.com/7475283145/JiBbglUwT?refer_flag=1001030103_
JiB903PuK,西南科大信息学院团委,3514553025,#疫情防护小贴士#心理调适：对疫情做到“心中有数”。看正规媒体关于新型冠状病毒的报道，了解病毒性质，掌握情况，不轻信某些传言，保持足够的信心。@西南科大信控团委办公室@西南科大共青团​,2020-09-01 12:43,0,0,0,https://weibo.com/3514553025/JiB903PuK?refer_flag=1001030103_
JiB6CgKyF,用户7469681027,7469681027,【防控新型冠状病毒】开学将至，这些准备都做好了吗？O【防控新型冠状病毒】开学将至，这些准备都做好了吗？​,2020-09-01 12:37,0,0,0,https://weibo.com/7469681027/JiB6CgKyF?refer_flag=1001030103_
JiB67xR6j,海飞雪的生活,1814661357,【防控新型冠状病毒】开学将至，这些准备都做好了吗？O【防控新型冠状病毒】开学将至，这些准备都做好了吗？​,2020-09-01 12:36,0,0,0,https://weibo.com/1814661357/JiB67xR6j?refer_flag=1001030103_
JiB4rtMyG,用户7312277456,7312277456,【防控新型冠状病毒】开学将至，这些准备都做好了吗？O【防控新型冠状病毒】开学将至，这些准备都做好了吗？​,2020-09-01 12:32,0,0,0,https://weibo.com/7312277456/JiB4rtMyG?refer_flag=1001030103_
JiB3rck78,长春同城会,1787426771,【最新！吉林省137家新型冠状病毒核酸检测机构名单】截至8月31日12时，吉林省具备独立开展新型冠状病毒核酸检测资质的医疗机构123家，具备开展新型冠状病毒核酸检测资质的第三方机构14家。​,2020-09-01 12:30,0,0,0,https://weibo.com/1787426771/JiB3rck78?refer_flag=1001030103_
JiB3r7WEG,长春身边事,2762770134,【最新！吉林省137家新型冠状病毒核酸检测机构名单】截至8月31日12时，吉林省具备独立开展新型冠状病毒核酸检测资质的医疗机构123家，具备开展新型冠状病毒核酸检测资质的第三方机构14家。​,2020-09-01 12:30,0,0,0,https://weibo.com/2762770134/JiB3r7WEG?refer_flag=1001030103_
JiB3r7WBG,新浪吉林,2391135893,【最新！吉林省137家新型冠状病毒核酸检测机构名单】截至8月31日12时，吉林省具备独立开展新型冠状病毒核酸检测资质的医疗机构123家，具备开展新型冠状病毒核酸检测资质的第三方机构14家。O最新！吉林省137家新型冠状病毒核酸检测机构名单​,2020-09-01 12:30,0,0,2,https://weibo.com/2391135893/JiB3r7WBG?refer_flag=1001030103_
JiB2fCzq8,偏爱0_o,5419891913,【防控新型冠状病毒】开学将至，这些准备都做好了吗？O【防控新型冠状病毒】开学将至，这些准备都做好了吗？​,2020-09-01 12:27,0,0,0,https://weibo.com/5419891913/JiB2fCzq8?refer_flag=1001030103_
JiAXX6M4Z,电白检察,5642825408,【#31省区市新增10例确诊均为境外输入#】8月31日0—24时，31个省（自治区、直辖市）和新疆生产建设兵团报告新增确诊病例10例，均为境外输入病例（天津3例，河北3例，内蒙古1例，上海1例，福建1例，广东1例）；无新增死亡病例；无新增疑似病例。#防控新型冠状病毒肺炎#O网页链接​,2020-09-01 12:16,0,0,4,https://weibo.com/5642825408/JiAXX6M4Z?refer_flag=1001030103_
JiAWKxcry,手机用户2674279737,2674279737,【防控新型冠状病毒】开学将至，这些准备都做好了吗？O【防控新型冠状病毒】开学将至，这些准备都做好了吗？​,2020-09-01 12:13,0,0,0,https://weibo.com/2674279737/JiAWKxcry?refer_flag=1001030103_
JiAW0syvS,Planer_SOSO,6454449601,权威发布|截至8月30日24时福建省新型冠状病毒肺炎疫情情况O权威发布|截至8月30日24时福建省新型冠状病毒肺炎疫情情况​,2020-09-01 12:11,0,0,0,https://weibo.com/6454449601/JiAW0syvS?refer_flag=1001030103_
JiBBY2Lpp,朝阳政务,7317867388,2020年8月31日0时至24时辽宁新型冠状病毒肺炎疫情情况　　8月31日0时至24时，辽宁省无新增新冠肺炎确诊病例。无新增治愈出院病例。　　截至8月31日24时，全省累计报告确诊病例262例（含境外输入38例），治愈出院259例，死亡2例，在院治疗1例。目前，尚有2例无症状感染者在定点医院隔离治疗。​,2020-09-01 13:55,9,0,0,https://weibo.com/7317867388/JiBBY2Lpp?refer_flag=1001030103_
JiBzrr3gX,河北青年报保定播报,6284407610,#最新疫情通报#【最新！河北新增境外输入确诊病例3例】2020年8月31日0—24时，河北省无新增报告本地新型冠状病毒肺炎确诊病例，无新增死亡病例，无新增疑似病例，治愈出院3例（境外输入）。8月31日0—24时，河北省新增报告3例境外输入确诊病例（普通型），13例境外输入无症状感染者。​,2020-09-01 13:48,1,0,0,https://weibo.com/6284407610/JiBzrr3gX?refer_flag=1001030103_
JiBycwT1N,生态石家庄,6345561265,【截至8月31日24时新型冠状病毒肺炎疫情最新情况】8月31日0—24时，31个省（自治区、直辖市）和新疆生产建设兵团报告新增确诊病例10例，均为境外输入病例（天津3例，河北3例，内蒙古1例，上海1例，福建1例，广东1例）；无新增死亡病例；无新增疑似病例。O截至8月31日24时新型冠状病毒肺炎疫情最新情况​,2020-09-01 13:45,0,0,1,https://weibo.com/6345561265/JiBycwT1N?refer_flag=1001030103_
JiBxB4M2L,郑千山_千山之上,1315047737,发表了博文《截至8月31日24时新型冠状病毒肺炎疫情最新情况》发布时间：2020-09-01来源:卫生应急办公室截至8月31日24时新型冠状病毒肺炎疫情最新情况8月31日0—24时，31个省（自治区、O截至8月31日24时新型冠状病毒肺炎疫情最新情况​,2020-09-01 13:44,0,0,0,https://weibo.com/1315047737/JiBxB4M2L?refer_flag=1001030103_
JiBwexUu0,松原中公教育,2580132422,吉林省具备独立开展新型冠状病毒核酸检测资质的医疗机构名单O网页链接做核算检测的定点医院，大家可能需要​,2020-09-01 13:40,0,0,0,https://weibo.com/2580132422/JiBwexUu0?refer_flag=1001030103_
JiBqptz7M,沸腾De小火锅,1924416061,『实时更新|新型冠状病毒肺炎全国疫情地图』O实时更新|新冠肺炎疫情地图​,2020-09-01 13:26,0,0,0,https://weibo.com/1924416061/JiBqptz7M?refer_flag=1001030103_
JiBoFkEHe,Mo爱莲说,2092657545,【防控新型冠状病毒】开学将至，这些准备都做好了吗？O【防控新型冠状病毒】开学将至，这些准备都做好了吗？​,2020-09-01 13:22,0,0,0,https://weibo.com/2092657545/JiBoFkEHe?refer_flag=1001030103_
JiBlzuLE8,用户7345567362,7345567362,吉林省卫生健康委关于新型冠状病毒肺炎疫情情况通报（2020年8月31日公布）O吉林省卫生健康委关于新型冠状病毒肺炎疫情情况通报（2020年8月31日公布）​,2020-09-01 13:14,0,0,0,https://weibo.com/7345567362/JiBlzuLE8?refer_flag=1001030103_
JiBkXEdWe,俗不可秒摘,2144692087,【防控新型冠状病毒】开学将至，这些准备都做好了吗？O【防控新型冠状病毒】开学将至，这些准备都做好了吗？​,2020-09-01 13:13,0,0,0,https://weibo.com/2144692087/JiBkXEdWe?refer_flag=1001030103_
JiBhSbJHt,PASS微博,1842053545,【防控新型冠状病毒】开学将至，这些准备都做好了吗？O【防控新型冠状病毒】开学将至，这些准备都做好了吗？​,2020-09-01 13:05,0,0,0,https://weibo.com/1842053545/JiBhSbJHt?refer_flag=1001030103_
JiBgNnCWb,用户5356409532,5356409532,【防控新型冠状病毒】开学将至，这些准备都做好了吗？O【防控新型冠状病毒】开学将至，这些准备都做好了吗？​,2020-09-01 13:02,0,0,0,https://weibo.com/5356409532/JiBgNnCWb?refer_flag=1001030103_
JiC08pFZb,温柔的xueya6001,6421122012,【防控新型冠状病毒】开学将至，这些准备都做好了吗？O【防控新型冠状病毒】开学将至，这些准备都做好了吗？​,2020-09-01 14:54,0,0,0,https://weibo.com/6421122012/JiC08pFZb?refer_flag=1001030103_
JiBZYmVQ7,淳安发布,5184393175,【2020年9月1日杭州市新型冠状病毒肺炎疫情情况】8月31日0-24时，无新增确诊病例，截至31日24时，累计报告确诊病例194例（其中境外输入病例13例）。​,2020-09-01 14:54,1,0,0,https://weibo.com/5184393175/JiBZYmVQ7?refer_flag=1001030103_
JiBXtvtNu,吉视公共新闻频道,3096144867,【最新！吉林省137家新型冠状病毒核酸检测机构名单】截至8月31日12时，吉林省具备独立开展新型冠状病毒核酸检测资质的医疗机构123家，具备开展新型冠状病毒核酸检测资质的第三方机构14家。​,2020-09-01 14:48,0,0,0,https://weibo.com/3096144867/JiBXtvtNu?refer_flag=1001030103_
JiBWjcir8,健康德阳官微,3209704633,#每日疫情通报#【德阳市新型冠状病毒肺炎疫情最新通报】8月31日，德阳市无新增新冠肺炎确诊病例。截至8月31日24时，德阳市累计报告确诊病例18例（绵竹市8例、广汉市5例、旌阳区4例、中江县1例），出院18人。密切接触者828人已全部解除隔离医学观察。​,2020-09-01 14:45,0,0,0,https://weibo.com/3209704633/JiBWjcir8?refer_flag=1001030103_
JiBUkgMgd,-Z-L-M,2991782807,【防控新型冠状病毒】开学将至，这些准备都做好了吗？O【防控新型冠状病毒】开学将至，这些准备都做好了吗？​,2020-09-01 14:40,0,0,0,https://weibo.com/2991782807/JiBUkgMgd?refer_flag=1001030103_
JiBQFC4vT,瑾色愫颜夜默孑,1798265357,吉林省卫生健康委关于新型冠状病毒肺炎疫情情况通报（2020年9月1日公布）O吉林省卫生健康委关于新型冠状病毒肺炎疫情情况通报（2020年9月1日公布）​,2020-09-01 14:31,0,0,0,https://weibo.com/1798265357/JiBQFC4vT?refer_flag=1001030103_
JiBLv2Uey,通化发布,3488212132,吉林省卫生健康委关于新型冠状病毒肺炎疫情情况通报（2020年9月1日公布）O吉林省卫生健康委关于新型冠状病毒肺炎疫情情况通报（2020年9月1日公布）​,2020-09-01 14:18,0,0,0,https://weibo.com/3488212132/JiBLv2Uey?refer_flag=1001030103_
JiBGCnk41,流浪路上拾起的贝壳,1861934532,【防控新型冠状病毒】开学将至，这些准备都做好了吗？O【防控新型冠状病毒】开学将至，这些准备都做好了吗？​,2020-09-01 14:06,0,0,0,https://weibo.com/1861934532/JiBGCnk41?refer_flag=1001030103_
JiBGAE7K6,爱上吴兴,2392596980,#战“疫”吴兴#【9月1日湖州市新型冠状病毒肺炎疫情通报】8月31日0—24时，湖州市无新增确诊病例。截至8月31日24时，全市累计报告确诊病例12例（其中境外输入2例）。详情→O9月1日湖州市新型冠状病毒肺炎疫情通报​,2020-09-01 14:06,0,0,0,https://weibo.com/2392596980/JiBGAE7K6?refer_flag=1001030103_
JiBGocpnQ,流浪路上拾起的贝壳,1861934532,【防控新型冠状病毒】开学将至，这些准备都做好了吗？O【防控新型冠状病毒】开学将至，这些准备都做好了吗？​,2020-09-01 14:06,0,0,0,https://weibo.com/1861934532/JiBGocpnQ?refer_flag=1001030103_
JiBFhkeDj,李伟麟li,6515421601,【防控新型冠状病毒】开学将至，这些准备都做好了吗？O【防控新型冠状病毒】开学将至，这些准备都做好了吗？​,2020-09-01 14:03,0,0,0,https://weibo.com/6515421601/JiBFhkeDj?refer_flag=1001030103_
JiCpLA4X1,LaoNew2268,2235051535,【防控新型冠状病毒】开学将至，这些准备都做好了吗？O【防控新型冠状病毒】开学将至，这些准备都做好了吗？​,2020-09-01 15:57,0,0,0,https://weibo.com/2235051535/JiCpLA4X1?refer_flag=1001030103_
JiCpjy18P,大众网西海岸,6772379646,发布了头条文章：《8月30日0时至24时山东省新型冠状病毒肺炎疫情情况》O8月30日0时至24时山东省新型冠状病毒肺炎疫情情况​,2020-09-01 15:56,0,0,0,https://weibo.com/6772379646/JiCpjy18P?refer_flag=1001030103_
JiCmNsqYo,用户7017640476,7017640476,【防控新型冠状病毒】开学将至，这些准备都做好了吗？O【防控新型冠状病毒】开学将至，这些准备都做好了吗？​,2020-09-01 15:50,0,0,0,https://weibo.com/7017640476/JiCmNsqYo?refer_flag=1001030103_
JiCmw2CqU,微博日本,5658712656,【#半泽直树播出延期#】1日，TBS发表，由于新型冠状病毒的感染扩大，剧组的拍摄日程受到影响，预定于6日播出的半泽直树第8集延期到13日播出。6日，演员与工作人员将进行1个小时的直播。​,2020-09-01 15:49,76,20,42,https://weibo.com/5658712656/JiCmw2CqU?refer_flag=1001030103_
JiClxsXY4,日本流行全方位,3788301822,8月12日确认感染新型冠状病毒进行疗养的人气组合・Hey!Say!JUMP成员伊野尾慧（30）再次PCR検査结果为阴性、1日起恢复工作。​,2020-09-01 15:47,27,16,88,https://weibo.com/3788301822/JiClxsXY4?refer_flag=1001030103_
JiCjGezQV,比利时驻华使馆,1927332783,亲爱的在中国的比利时朋友，外交豁免权不等于对新型冠状病毒有免疫力，因此我被隔离后接受了检测。请大家共同努力采取预防措施，避免疫情重新传播，我们必须关心彼此的健康，在对抗新型冠状病毒的防御中，比利时坚决支持团结合作。​,2020-09-01 15:42,6,0,31,https://weibo.com/1927332783/JiCjGezQV?refer_flag=1001030103_
JiCiEtiWl,济州旅游发展局,5884312986,#韩国##济州岛##新型冠状病毒##疫情#越来越严重，济州岛社交距离限制已经从第1阶段调到第2阶段了，#首尔#则已经调到2.5阶段了，韩国首都圈的#星巴克#已经只能外带了。这样的状况下，#台风美莎克#又要来了～小编心好累！特殊时期，请勤洗手、戴口罩、外出时和他人保持社交安全距离！​,2020-09-01 15:40,1,0,6,https://weibo.com/5884312986/JiCiEtiWl?refer_flag=1001030103_
JiCfWBJTK,红星广播站,1162207171,【防控新型冠状病毒】开学将至，这些准备都做好了吗？O【防控新型冠状病毒】开学将至，这些准备都做好了吗？​,2020-09-01 15:33,0,0,0,https://weibo.com/1162207171/JiCfWBJTK?refer_flag=1001030103_
JiCeLCyi8,册亨气象局57909,5290788272,"【册亨县气象台】9月1日15时发布天气预报:1日夜间全县各地多云,2日白天晴间多云,县城气温23～34℃.温馨提示:常洗手,常消毒,勤通风,勤换气,预防新型冠状病毒肺炎从我做起！​",2020-09-01 15:30,0,0,0,https://weibo.com/5290788272/JiCeLCyi8?refer_flag=1001030103_
JiCevkdXl,长春同城,6072764853,【最新！吉林省137家新型冠状病毒核酸检测机构名单】截至8月31日12时，吉林省具备独立开展新型冠状病毒核酸检测资质的医疗机构123家，具备开展新型冠状病毒核酸检测资质的第三方机构14家。​,2020-09-01 15:30,0,0,0,https://weibo.com/6072764853/JiCevkdXl?refer_flag=1001030103_
JiC7Oalis,蕲艾,5553418502,#艾灸##蕲艾##新型冠状病毒#带你参观早日康蕲艾批发市场！2黄冈·蕲春县L蕲艾的微博视频​,2020-09-01 15:13,1,0,1,https://weibo.com/5553418502/JiC7Oalis?refer_flag=1001030103_
JiCMV5ezq,AsahiShimbun中文网,3173216505,#新型冠状病毒##感染者#【大阪解除自我约束5人以上宴会要求东京新增100人(附详情表)】新型冠状病毒国内感染者，截至8月31日晚上9点30分，确认新增438人……O网页链接​,2020-09-01 16:54,0,0,1,https://weibo.com/3173216505/JiCMV5ezq?refer_flag=1001030103_
JiCMG292i,曉辰,1763956344,香港#香港疫情#【本港昨增12宗確診！】本港再多12宗新型冠狀病毒確診個案，9宗屬本地病例，當中1宗源頭未明；其餘3宗是來自印度、孟加拉及菲律賓的輸入病例。即使如此，仍有不少人抗疫疲勞之際，不願參與普檢——為人為己為香港，這個道理不說都知啦……​,2020-09-01 16:54,0,0,5,https://weibo.com/1763956344/JiCMG292i?refer_flag=1001030103_
JiCMAsqU2,绍兴微博房产,6177021462,#绍兴身边事#2020年9月1日绍兴市新型冠状病毒肺炎疫情情况2020年8月31日0-24时，绍兴市无新增新型冠状病毒肺炎确诊病例，无新增无症状感染者。截至2020年8月31日24时，绍兴市累计报告新型冠状病毒肺炎确诊病例42例，累计出院42例。​,2020-09-01 16:54,0,0,0,https://weibo.com/6177021462/JiCMAsqU2?refer_flag=1001030103_
JiCHueDfF,辽视说天下,1807058715,【#辽宁#新型冠状病毒肺炎疫情情况】2020年8月31日0时至24时，辽宁省无新增新冠肺炎确诊病例。无新增治愈出院病例。截至8月31日24时，全省累计报告确诊病例262例（含境外输入38例），治愈出院259例，死亡2例，在院治疗1例。目前，尚有2例无症状感染者在定点医院隔离治疗。​L辽视说天下的微博视频​,2020-09-01 16:41,0,0,1,https://weibo.com/1807058715/JiCHueDfF?refer_flag=1001030103_
JiCEWpT8v,黄芷渊,2459924257,香港新增12宗確診個案，9宗為本地個案，包括1宗源頭不明個案。另外，有少於10宗初步確診個案。25危殆，29嚴重，259穩定。累計死亡人數增至90死。#香港普检今日开始##新型冠状病毒##香港疫情#​,2020-09-01 16:35,3,0,17,https://weibo.com/2459924257/JiCEWpT8v?refer_flag=1001030103_
JiCEvyD7g,可可西里牛,6106195319,【防控新型冠状病毒】开学将至，这些准备都做好了吗？O【防控新型冠状病毒】开学将至，这些准备都做好了吗？​,2020-09-01 16:34,0,0,0,https://weibo.com/6106195319/JiCEvyD7g?refer_flag=1001030103_
JiCDcgU9D,黄芷渊,2459924257,開學了，來看看香港另類的開學禮！疫情下，香港停學不停課。有小學透過視像辦了場開學禮。這個小朋友說，最想上跑步課！哈哈！#开学第一天##开学##新型冠状病毒##香港疫情#L黄芷渊的微博视频​,2020-09-01 16:30,3,0,14,https://weibo.com/2459924257/JiCDcgU9D?refer_flag=1001030103_
JiCzFnJAv,长兴发布,3649799392,【9月1日湖州市新型冠状病毒肺炎疫情通报】8月31日0—24时，湖州市无新增确诊病例。截至8月31日24时，全市累计报告确诊病例12例（其中境外输入2例）。​,2020-09-01 16:22,2,0,1,https://weibo.com/3649799392/JiCzFnJAv?refer_flag=1001030103_
JiCyJrBlF,大兵山羊,6546557697,权威发布|截至8月30日24时福建省新型冠状病毒肺炎疫情情况O权威发布|截至8月30日24时福建省新型冠状病毒肺炎疫情情况​,2020-09-01 16:19,0,0,0,https://weibo.com/6546557697/JiCyJrBlF?refer_flag=1001030103_
JiCwjgFI6,忻城气象-,2803371584,"忻城县气象台2020年9月1日16时发布天气预报：预计今晚到明天白天，多云，局部有阵雨,气温23-35℃，北风1-2级，能见度一般。未成年人溺水多发，教训惨痛，请您教育监管好孩子，远离危险水域。依法科学有序防控新型冠状病毒，早发现、早报告、早隔离、早治疗。O网页链接​",2020-09-01 16:13,0,0,0,https://weibo.com/2803371584/JiCwjgFI6?refer_flag=1001030103_
JiDcyexko,阳光的翘妈,2035752637,【防控新型冠状病毒】开学将至，这些准备都做好了吗？O【防控新型冠状病毒】开学将至，这些准备都做好了吗？​,2020-09-01 17:57,0,0,0,https://weibo.com/2035752637/JiDcyexko?refer_flag=1001030103_
JiD6IALX7,马来西亚热门,2262073220,马来西亚今日新增确诊病例14人；累计目前确诊新型冠状病毒9354人；今日新增1例死亡病例；累计死亡病例128人；新增治愈出院21人；截止目前累计治愈人数共9075人；目前在院治疗151人（ICU：5人，借助呼吸机3人）新增5例境外输入，本地新增9例感染病例#马来西亚疫情##特朗普考虑限制中国留学生#​,2020-09-01 17:43,1,0,11,https://weibo.com/2262073220/JiD6IALX7?refer_flag=1001030103_
JiD44jgu6,请叫我小房子LY,6074678628,#双黄连可抑制新型冠状病毒#黑人问号脸，，，2长沙·太平街​,2020-09-01 17:37,0,0,0,https://weibo.com/6074678628/JiD44jgu6?refer_flag=1001030103_
JiD0z3LBB,快乐的小马宝妈,2054466993,权威发布|截至8月30日24时福建省新型冠状病毒肺炎疫情情况O权威发布|截至8月30日24时福建省新型冠状病毒肺炎疫情情况​,2020-09-01 17:28,0,0,0,https://weibo.com/2054466993/JiD0z3LBB?refer_flag=1001030103_
JiCZfxw8q,黄芷渊,2459924257,#澳门发放2.9亿元消费券吸引内地游客#澳門政府即日起至12月31日，將發放共2.9億澳門元的消費券，通過互聯網電商，提供機票、酒店及消費優惠，吸引內地遊客來澳門旅遊消費。好想念澳門的葡撻，我也想去澳門啊#新型冠状病毒##香港疫情##香港普检今日开始#​,2020-09-01 17:25,1,24,36,https://weibo.com/2459924257/JiCZfxw8q?refer_flag=1001030103_
JiCYoF09Z,666归零归零,5685766321,【防控新型冠状病毒】开学将至，这些准备都做好了吗？O【防控新型冠状病毒】开学将至，这些准备都做好了吗？​,2020-09-01 17:23,0,0,0,https://weibo.com/5685766321/JiCYoF09Z?refer_flag=1001030103_
JiCXPcxY9,inwenbo,7333051685,权威发布|截至8月30日24时福建省新型冠状病毒肺炎疫情情况O权威发布|截至8月30日24时福建省新型冠状病毒肺炎疫情情况​,2020-09-01 17:21,0,0,0,https://weibo.com/7333051685/JiCXPcxY9?refer_flag=1001030103_
JiCXEhCsx,仙桃发布,2815932080,#仙桃加油#【2020年8月31日仙桃市新型冠状病毒肺炎疫情情况】2020年8月31日0时-24时，仙桃市新增新型冠状病毒肺炎确诊病例0例。累计报告新型冠状病毒肺炎确诊病例575例，累计死亡病例22例，累计治愈出院553例。累计追踪密切接触者3780人，尚在接受医学观察0人。O2020年8月31日仙桃市新型冠状病毒肺炎疫情情况​,2020-09-01 17:21,0,0,0,https://weibo.com/2815932080/JiCXEhCsx?refer_flag=1001030103_
JiDAdFmmk,范郦瑜40941,5654682670,【防控新型冠状病毒】开学将至，这些准备都做好了吗？O【防控新型冠状病毒】开学将至，这些准备都做好了吗？​,2020-09-01 18:56,0,0,0,https://weibo.com/5654682670/JiDAdFmmk?refer_flag=1001030103_
JiDA11vlb,monkey_falle,5200484319,权威发布|截至8月30日24时福建省新型冠状病毒肺炎疫情情况O权威发布|截至8月30日24时福建省新型冠状病毒肺炎疫情情况​,2020-09-01 18:55,0,0,0,https://weibo.com/5200484319/JiDA11vlb?refer_flag=1001030103_
JiDybrFrg,啧啧啧_7788,5630104447,【防控新型冠状病毒】开学将至，这些准备都做好了吗？O【防控新型冠状病毒】开学将至，这些准备都做好了吗？​,2020-09-01 18:51,0,0,0,https://weibo.com/5630104447/JiDybrFrg?refer_flag=1001030103_
JiDuEyqHW,Tamia上海,2723513451,【防控新型冠状病毒】开学将至，这些准备都做好了吗？O【防控新型冠状病毒】开学将至，这些准备都做好了吗？​,2020-09-01 18:42,0,0,0,https://weibo.com/2723513451/JiDuEyqHW?refer_flag=1001030103_
JiDuqF6Js,新泰政务,6390366762,泰安市新型冠状病毒肺炎疫情情况（8月31日0-24时）O泰安市新型冠状病毒肺炎疫情情况（8月31日0-24时）​,2020-09-01 18:42,0,0,0,https://weibo.com/6390366762/JiDuqF6Js?refer_flag=1001030103_
JiDptls7o,晖三观,6696153600,权威发布|截至8月30日24时福建省新型冠状病毒肺炎疫情情况O权威发布|截至8月30日24时福建省新型冠状病毒肺炎疫情情况​,2020-09-01 18:29,0,0,0,https://weibo.com/6696153600/JiDptls7o?refer_flag=1001030103_
JiDoq1am0,用户5966410718,5966410718,【防控新型冠状病毒】开学将至，这些准备都做好了吗？O【防控新型冠状病毒】开学将至，这些准备都做好了吗？​,2020-09-01 18:27,0,0,0,https://weibo.com/5966410718/JiDoq1am0?refer_flag=1001030103_
JiDiPrz1Z,渭南市卫生健康委员会,5664399232,【渭南市中心血站开展采供血信息系统瘫痪应急演练】为进一步提高信息系统故障应对能力，提升血液应急保障处置措施，科学做好新型冠状病毒疫情期的应急防控工作，确保采供血活动正常运行，保障血液质量安全。8月27日，渭南市中心血站开展了计算机信息系统瘫痪应急演练工作。O网页链接​,2020-09-01 18:13,1,0,0,https://weibo.com/5664399232/JiDiPrz1Z?refer_flag=1001030103_
JiDgHjdhZ,TouchoftheLight67381,7473105218,【防控新型冠状病毒】开学将至，这些准备都做好了吗？O【防控新型冠状病毒】开学将至，这些准备都做好了吗？​,2020-09-01 18:08,0,0,0,https://weibo.com/7473105218/JiDgHjdhZ?refer_flag=1001030103_
JiDf4fHYn,环球外汇网官网,2011878024,【全球调查：约四分之三的人愿接种新冠疫苗】达沃斯世界经济论坛(WorldEconomicForum)周一表示，该机构与益普索(Ipsos)进行的一项全球调查显示，约四分之三的受访者表示愿意接种新型冠状病毒肺炎疫苗。O网页链接​,2020-09-01 18:04,0,0,0,https://weibo.com/2011878024/JiDf4fHYn?refer_flag=1001030103_
JiDZf2K5v,甜美的微笑41,5052390128,【防控新型冠状病毒】开学将至，这些准备都做好了吗？O【防控新型冠状病毒】开学将至，这些准备都做好了吗？​,2020-09-01 19:57,0,0,0,https://weibo.com/5052390128/JiDZf2K5v?refer_flag=1001030103_
JiDYpyif5,雅荷棠JDMPA,7230479500,【防控新型冠状病毒】开学将至，这些准备都做好了吗？O【防控新型冠状病毒】开学将至，这些准备都做好了吗？​,2020-09-01 19:55,0,0,0,https://weibo.com/7230479500/JiDYpyif5?refer_flag=1001030103_
JiDWOjsTY,用户6188489508,6188489508,权威发布|截至8月30日24时福建省新型冠状病毒肺炎疫情情况O权威发布|截至8月30日24时福建省新型冠状病毒肺炎疫情情况​,2020-09-01 19:51,0,0,0,https://weibo.com/6188489508/JiDWOjsTY?refer_flag=1001030103_
JiDWBAXYp,用户6188489508,6188489508,权威发布|截至8月30日24时福建省新型冠状病毒肺炎疫情情况O权威发布|截至8月30日24时福建省新型冠状病毒肺炎疫情情况​,2020-09-01 19:51,0,0,0,https://weibo.com/6188489508/JiDWBAXYp?refer_flag=1001030103_
JiDWqpyr8,大东区市场监督管理,5864694382,2020年8月31日0时至24时辽宁新型冠状病毒肺炎疫情情况　8月31日0时至24时，辽宁省无新增新冠肺炎确诊病例。无新增治愈出院病例。　截至8月31日24时，全省累计报告确诊病例262例（含境外输入38例），治愈出院259例，死亡2例，在院治疗1例。目前，尚有2例无症状感染者在定点医院隔离治疗。​,2020-09-01 19:51,0,0,0,https://weibo.com/5864694382/JiDWqpyr8?refer_flag=1001030103_
JiDVWtk4I,wangwoba21,3022622161,权威发布|截至8月30日24时福建省新型冠状病毒肺炎疫情情况O权威发布|截至8月30日24时福建省新型冠状病毒肺炎疫情情况​,2020-09-01 19:49,0,0,0,https://weibo.com/3022622161/JiDVWtk4I?refer_flag=1001030103_
JiDV0iT1x,迷失的下雨天,2141959731,权威发布|截至8月30日24时福建省新型冠状病毒肺炎疫情情况O权威发布|截至8月30日24时福建省新型冠状病毒肺炎疫情情况​,2020-09-01 19:47,0,0,0,https://weibo.com/2141959731/JiDV0iT1x?refer_flag=1001030103_
JiDTEluw1,等待追逐欣赏,3947365516,【防控新型冠状病毒】开学将至，这些准备都做好了吗？O【防控新型冠状病毒】开学将至，这些准备都做好了吗？​,2020-09-01 19:44,0,0,0,https://weibo.com/3947365516/JiDTEluw1?refer_flag=1001030103_
JiDRSdX4G,最好不过一场梦,3835758653,【防控新型冠状病毒】开学将至，这些准备都做好了吗？O【防控新型冠状病毒】开学将至，这些准备都做好了吗？​,2020-09-01 19:39,0,0,0,https://weibo.com/3835758653/JiDRSdX4G?refer_flag=1001030103_
JiDR2bl1w,湛江龙哥网络平台,5993859207,【防控新型冠状病毒】开学将至，这些准备都做好了吗？O【防控新型冠状病毒】开学将至，这些准备都做好了吗？​,2020-09-01 19:37,0,0,0,https://weibo.com/5993859207/JiDR2bl1w?refer_flag=1001030103_
JiDOTwRKj,Anitama动画魂新闻资讯,1609116165,乃木坂46的与田祐希和佐藤枫确诊感染新型冠状病毒。​,2020-09-01 19:32,36,0,31,https://weibo.com/1609116165/JiDOTwRKj?refer_flag=1001030103_
JiDOqdlkh,日本偶像趣闻社,1864184870,乃木坂46于今天在官网上发出声明，指组合成员佐藤枫和与田祐希均确诊新型冠状病毒，为了今后活动要求全体成员及工作人员等进行PCR测试，以防止疫情扩散。#乃木坂46#​,2020-09-01 19:31,21,0,15,https://weibo.com/1864184870/JiDOqdlkh?refer_flag=1001030103_
JiDO0vR0Y,仙桃日报,5884985131,【仙桃连续189天零新增】#关注新型冠状病毒肺炎疫情#2020年8月31日0时-24时，仙桃市新增新型冠状病毒肺炎确诊病例0例。累计报告新型冠状病毒肺炎确诊病例575例，累计死亡病例22例，累计治愈出院553例。累计追踪密切接触者3780人，尚在接受医学观察0人。​,2020-09-01 19:30,0,0,1,https://weibo.com/5884985131/JiDO0vR0Y?refer_flag=1001030103_
JiDNtqaRF,若木若木若木,2185768244,【防控新型冠状病毒】开学将至，这些准备都做好了吗？O【防控新型冠状病毒】开学将至，这些准备都做好了吗？​,2020-09-01 19:28,0,0,0,https://weibo.com/2185768244/JiDNtqaRF?refer_flag=1001030103_
JiEnBjkST,摩羯白目鱼,2527074752,【防控新型冠状病毒】开学将至，这些准备都做好了吗？O【防控新型冠状病毒】开学将至，这些准备都做好了吗？​,2020-09-01 20:57,0,0,0,https://weibo.com/2527074752/JiEnBjkST?refer_flag=1001030103_
JiEn05wpR,海儿不哭96102,5299648635,权威发布|截至8月30日24时福建省新型冠状病毒肺炎疫情情况O权威发布|截至8月30日24时福建省新型冠状病毒肺炎疫情情况​,2020-09-01 20:56,0,0,0,https://weibo.com/5299648635/JiEn05wpR?refer_flag=1001030103_
JiEmVB6NX,LaoLRJ,3362857194,【防控新型冠状病毒】开学将至，这些准备都做好了吗？O【防控新型冠状病毒】开学将至，这些准备都做好了吗？​,2020-09-01 20:56,0,0,0,https://weibo.com/3362857194/JiEmVB6NX?refer_flag=1001030103_
JiEhIiZ9r,妮蔻TJ_798,1967084287,吉林省卫生健康委关于新型冠状病毒肺炎疫情情况通报（2020年8月30日公布）O吉林省卫生健康委关于新型冠状病毒肺炎疫情情况通报（2020年8月30日公布）​,2020-09-01 20:43,0,0,0,https://weibo.com/1967084287/JiEhIiZ9r?refer_flag=1001030103_
JiEgAibk1,美丽的莹莹_530,6046470341,【防控新型冠状病毒】开学将至，这些准备都做好了吗？O【防控新型冠状病毒】开学将至，这些准备都做好了吗？​,2020-09-01 20:40,0,0,0,https://weibo.com/6046470341/JiEgAibk1?refer_flag=1001030103_
JiEeciZoo,变蓝变红,2642182447,【防控新型冠状病毒】开学将至，这些准备都做好了吗？O【防控新型冠状病毒】开学将至，这些准备都做好了吗？​,2020-09-01 20:34,0,0,0,https://weibo.com/2642182447/JiEeciZoo?refer_flag=1001030103_
JiEcBA6p8,用户6689977544,6689977544,【防控新型冠状病毒】开学将至，这些准备都做好了吗？O【防控新型冠状病毒】开学将至，这些准备都做好了吗？​,2020-09-01 20:30,0,0,0,https://weibo.com/6689977544/JiEcBA6p8?refer_flag=1001030103_
JiEbFF5ny,Jadefinal,5650578708,【防控新型冠状病毒】开学将至，这些准备都做好了吗？O【防控新型冠状病毒】开学将至，这些准备都做好了吗？​,2020-09-01 20:28,0,0,0,https://weibo.com/5650578708/JiEbFF5ny?refer_flag=1001030103_
JiE9jqcdf,Hahaha小脏,7366863717,权威发布|截至8月30日24时福建省新型冠状病毒肺炎疫情情况O权威发布|截至8月30日24时福建省新型冠状病毒肺炎疫情情况​,2020-09-01 20:22,0,0,0,https://weibo.com/7366863717/JiE9jqcdf?refer_flag=1001030103_
JiE7ymUiG,用户7331959780,7331959780,励志哲理人生钟南山院士，在中央电视台讲在武汉抗战新型冠状病毒的感慨与经历，生命可贵。2武汉​,2020-09-01 20:18,0,14,10,https://weibo.com/7331959780/JiE7ymUiG?refer_flag=1001030103_
JiE7vpB4d,周道娟1211,5584583739,权威发布|截至8月30日24时福建省新型冠状病毒肺炎疫情情况O权威发布|截至8月30日24时福建省新型冠状病毒肺炎疫情情况​,2020-09-01 20:18,0,0,0,https://weibo.com/5584583739/JiE7vpB4d?refer_flag=1001030103_
JiE30pBGv,最后一个小橙子,2109457115,权威发布|截至8月30日24时福建省新型冠状病毒肺炎疫情情况O权威发布|截至8月30日24时福建省新型冠状病毒肺炎疫情情况​,2020-09-01 20:07,0,0,0,https://weibo.com/2109457115/JiE30pBGv?refer_flag=1001030103_
JiE2jC2tB,用户7490820889,7490820889,【防控新型冠状病毒】开学将至，这些准备都做好了吗？O【防控新型冠状病毒】开学将至，这些准备都做好了吗？​,2020-09-01 20:05,0,0,0,https://weibo.com/7490820889/JiE2jC2tB?refer_flag=1001030103_
JiEIx5iUO,马鹿公主莲,2169290427,【防控新型冠状病毒】开学将至，这些准备都做好了吗？O【防控新型冠状病毒】开学将至，这些准备都做好了吗？​,2020-09-01 21:49,0,0,0,https://weibo.com/2169290427/JiEIx5iUO?refer_flag=1001030103_
JiEHrqcEd,天津市人民检察院,5385431433,【#31省区市新增10例确诊均为境外输入#】8月31日0—24时，31个省（自治区、直辖市）和新疆生产建设兵团报告新增确诊病例10例，均为境外输入病例（天津3例，河北3例，内蒙古1例，上海1例，福建1例，广东1例）；无新增死亡病例；无新增疑似病例。#防控新型冠状病毒肺炎#​,2020-09-01 21:46,0,0,1,https://weibo.com/5385431433/JiEHrqcEd?refer_flag=1001030103_
JiEF3oQzN,用户7497330771,7497330771,权威发布|截至8月30日24时福建省新型冠状病毒肺炎疫情情况O权威发布|截至8月30日24时福建省新型冠状病毒肺炎疫情情况​,2020-09-01 21:40,0,0,0,https://weibo.com/7497330771/JiEF3oQzN?refer_flag=1001030103_
JiEAWoeN8,用户5711105512,5711105512,截至8月31日24时新型冠状病毒肺炎疫情最新情况O截至8月31日24时新型冠状病毒肺炎疫情最新情况​,2020-09-01 21:30,0,0,0,https://weibo.com/5711105512/JiEAWoeN8?refer_flag=1001030103_
JiEAL9x7D,努力生活--丽仪,2257329424,【防控新型冠状病毒】开学将至，这些准备都做好了吗？O【防控新型冠状病毒】开学将至，这些准备都做好了吗？​,2020-09-01 21:30,0,0,0,https://weibo.com/2257329424/JiEAL9x7D?refer_flag=1001030103_
JiEA2xjv2,沁馨芳菲,2161544757,【防控新型冠状病毒】开学将至，这些准备都做好了吗？O【防控新型冠状病毒】开学将至，这些准备都做好了吗？​,2020-09-01 21:28,0,0,0,https://weibo.com/2161544757/JiEA2xjv2?refer_flag=1001030103_
JiEzOzA1I,用户7088848452,7088848452,【防控新型冠状病毒】开学将至，这些准备都做好了吗？O【防控新型冠状病毒】开学将至，这些准备都做好了吗？​,2020-09-01 21:28,0,0,0,https://weibo.com/7088848452/JiEzOzA1I?refer_flag=1001030103_
JiEzFcONs,吃货爱喝茶,6797370338,【防控新型冠状病毒】开学将至，这些准备都做好了吗？O【防控新型冠状病毒】开学将至，这些准备都做好了吗？​,2020-09-01 21:27,0,0,0,https://weibo.com/6797370338/JiEzFcONs?refer_flag=1001030103_
JiExmtlEV,明明明明然,2709490970,权威发布|截至8月30日24时福建省新型冠状病毒肺炎疫情情况O权威发布|截至8月30日24时福建省新型冠状病毒肺炎疫情情况​,2020-09-01 21:22,0,0,0,https://weibo.com/2709490970/JiExmtlEV?refer_flag=1001030103_
JiEwHmKnp,明明明明然,2709490970,权威发布|截至8月30日24时福建省新型冠状病毒肺炎疫情情况O权威发布|截至8月30日24时福建省新型冠状病毒肺炎疫情情况​,2020-09-01 21:20,0,0,0,https://weibo.com/2709490970/JiEwHmKnp?refer_flag=1001030103_
JiEvnsl5B,用户7414591516,7414591516,【防控新型冠状病毒】开学将至，这些准备都做好了吗？O【防控新型冠状病毒】开学将至，这些准备都做好了吗？​,2020-09-01 21:17,0,0,0,https://weibo.com/7414591516/JiEvnsl5B?refer_flag=1001030103_
JiEuXeWax,兰州晨报,1791298665,#抗击疫情甘肃在行动#【9月1日甘肃省新冠肺炎疫情情况】8月31日20时至9月1日20时，甘肃省无新增确诊病例、疑似病例和无症状感染者。截至9月1日20时，我省已连续149天无新增本土确诊病例，连续157天无疑似病例，连续131天无无症状感染者。#兰州爆料##新型冠状病毒#​,2020-09-01 21:16,1,0,4,https://weibo.com/1791298665/JiEuXeWax?refer_flag=1001030103_
JiEtQkzmo,yieling2010,1815160577,【防控新型冠状病毒】开学将至，这些准备都做好了吗？O【防控新型冠状病毒】开学将至，这些准备都做好了吗？​,2020-09-01 21:13,0,0,0,https://weibo.com/1815160577/JiEtQkzmo?refer_flag=1001030103_
JiEtICmE4,果敢老街资讯网,6472868447,发布了头条文章：《果敢自治区新型冠状病毒肺炎疫情防控与应急委员会通知》O果敢自治区新型冠状病毒肺炎疫情防控与应急委员会通知​,2020-09-01 21:13,0,0,0,https://weibo.com/6472868447/JiEtICmE4?refer_flag=1001030103_
JiEsXDlVF,Osving,5289049090,【防控新型冠状病毒】开学将至，这些准备都做好了吗？O【防控新型冠状病毒】开学将至，这些准备都做好了吗？​,2020-09-01 21:11,0,0,0,https://weibo.com/5289049090/JiEsXDlVF?refer_flag=1001030103_
JiErsE6FC,用户7332838794,7332838794,【防控新型冠状病毒】开学将至，这些准备都做好了吗？O【防控新型冠状病毒】开学将至，这些准备都做好了吗？​,2020-09-01 21:07,0,0,0,https://weibo.com/7332838794/JiErsE6FC?refer_flag=1001030103_
JiF85fpOr,快乐飞行的猫,2109764935,【防控新型冠状病毒】开学将至，这些准备都做好了吗？O【防控新型冠状病毒】开学将至，这些准备都做好了吗？​,2020-09-01 22:52,0,0,0,https://weibo.com/2109764935/JiF85fpOr?refer_flag=1001030103_
JiF3uFHNw,ONE杰少,3580041772,权威发布|截至8月30日24时福建省新型冠状病毒肺炎疫情情况O权威发布|截至8月30日24时福建省新型冠状病毒肺炎疫情情况​,2020-09-01 22:41,0,0,0,https://weibo.com/3580041772/JiF3uFHNw?refer_flag=1001030103_
JiF1kwxaZ,红玉薯米,2862452284,权威发布|截至8月30日24时福建省新型冠状病毒肺炎疫情情况O权威发布|截至8月30日24时福建省新型冠状病毒肺炎疫情情况​,2020-09-01 22:35,0,0,0,https://weibo.com/2862452284/JiF1kwxaZ?refer_flag=1001030103_
JiF1dpXZL,W彼岸篝火cc,1009876785,权威发布|截至8月30日24时福建省新型冠状病毒肺炎疫情情况O权威发布|截至8月30日24时福建省新型冠状病毒肺炎疫情情况​,2020-09-01 22:35,0,0,0,https://weibo.com/1009876785/JiF1dpXZL?refer_flag=1001030103_
JiEYuBUD9,小小南一2013,2305292192,权威发布|截至8月30日24时福建省新型冠状病毒肺炎疫情情况O权威发布|截至8月30日24时福建省新型冠状病毒肺炎疫情情况​,2020-09-01 22:28,0,0,0,https://weibo.com/2305292192/JiEYuBUD9?refer_flag=1001030103_
JiEYhllUO,美剧业界资讯站,1731685083,第72届艾美奖The72thPrimetimeEmmyAwards官方海报....受COVID-19(新型冠状病毒肺炎)的影响，第72届艾美奖(The72thPrimetimeEmmyAwards)颁奖晚会于北美时间9月20日周日将会线上举办，ABC电视台将进行全程转播​,2020-09-01 22:28,0,0,0,https://weibo.com/1731685083/JiEYhllUO?refer_flag=1001030103_
JiEXyc3Yh,致同GrantThornton,2537998230,#抗疫税务专题#随着疫情的发展变化，国家各部门陆续出台新的政策，以支持新型冠状病毒肺炎的抗击工作。继上次更新对相关涉税政策的汇总后，致同持续关注新税务政策的出台，本次更新截止至8月31日，包含2个地方税务局发布的文件。请戳链接查阅详情。O【抗疫税务专题】最新涉税政策更新截止至2020.8.31​,2020-09-01 22:26,0,0,0,https://weibo.com/2537998230/JiEXyc3Yh?refer_flag=1001030103_
JiEXekOY7,用户6621154479,6621154479,【防控新型冠状病毒】开学将至，这些准备都做好了吗？O【防控新型冠状病毒】开学将至，这些准备都做好了吗？​,2020-09-01 22:25,0,0,0,https://weibo.com/6621154479/JiEXekOY7?refer_flag=1001030103_
JiEUru3K0,我是trussel,2826074334,【防控新型冠状病毒】开学将至，这些准备都做好了吗？O【防控新型冠状病毒】开学将至，这些准备都做好了吗？​,2020-09-01 22:18,0,0,0,https://weibo.com/2826074334/JiEUru3K0?refer_flag=1001030103_
JiEU50DA8,白衣小工,2518491501,截至8月31日24时新型冠状病毒肺炎疫情最新情况O网页链接​,2020-09-01 22:17,0,0,0,https://weibo.com/2518491501/JiEU50DA8?refer_flag=1001030103_
JiEU48yvV,GJFGXHL68656,6614610612,【防控新型冠状病毒】开学将至，这些准备都做好了吗？O【防控新型冠状病毒】开学将至，这些准备都做好了吗？​,2020-09-01 22:17,0,0,0,https://weibo.com/6614610612/JiEU48yvV?refer_flag=1001030103_
JiET9FW2H,薯襄门地,2859294773,截至8月31日24时新型冠状病毒肺炎疫情最新情况互联网+农产品飞O网页链接​,2020-09-01 22:15,0,0,0,https://weibo.com/2859294773/JiET9FW2H?refer_flag=1001030103_
JiET45ndN,傻梦女孩_707,3283455191,权威发布|截至8月30日24时福建省新型冠状病毒肺炎疫情情况O权威发布|截至8月30日24时福建省新型冠状病毒肺炎疫情情况​,2020-09-01 22:15,0,0,0,https://weibo.com/3283455191/JiET45ndN?refer_flag=1001030103_
JiEPEvST1,jy-触动,1673143572,权威发布|截至8月30日24时福建省新型冠状病毒肺炎疫情情况O权威发布|截至8月30日24时福建省新型冠状病毒肺炎疫情情况​,2020-09-01 22:07,0,0,0,https://weibo.com/1673143572/JiEPEvST1?refer_flag=1001030103_
